{
	"credit": "Made with Blockbench",
	"textures": {
		"all": "manic:keeper/all"
	},
	"elements": [
		{
			"from": [3, -15.99063, 5],
			"to": [9, 13.00937, 11],
			"faces": {
				"north": {"uv": [1.496, 8.504, 0.754, 12.121], "texture": "#all", "tintindex": 0},
				"east": {"uv": [2.246, 8.504, 1.504, 12.121], "texture": "#all", "tintindex": 0},
				"south": {"uv": [2.996, 8.504, 2.254, 12.121], "texture": "#all", "tintindex": 0},
				"west": {"uv": [0.746, 8.504, 0.004, 12.121], "texture": "#all", "tintindex": 0},
				"up": {"uv": [0.754, 8.496, 1.496, 7.754], "texture": "#all", "tintindex": 0},
				"down": {"uv": [2.246, 7.754, 1.504, 8.496], "texture": "#all", "tintindex": 0}
			}
		},
		{
			"from": [2, -3.99063, 4],
			"to": [10, 14.00937, 12],
			"faces": {
				"north": {"uv": [14.496, 8.754, 13.754, 10.746], "texture": "#all", "tintindex": 0},
				"east": {"uv": [15.246, 8.754, 14.504, 10.746], "texture": "#all", "tintindex": 0},
				"south": {"uv": [15.996, 8.754, 15.254, 10.746], "texture": "#all", "tintindex": 0},
				"west": {"uv": [13.746, 8.754, 13.004, 10.746], "texture": "#all", "tintindex": 0},
				"up": {"uv": [13.754, 8.746, 14.496, 8.004], "texture": "#all", "tintindex": 0},
				"down": {"uv": [0, 0, 0, 0], "texture": "#all", "tintindex": 0}
			}
		},
		{
			"from": [10, 14.00937, 12],
			"to": [2, -3.99063, 4],
			"faces": {
				"north": {"uv": [15.996, 10.746, 15.254, 8.754], "texture": "#all", "tintindex": 0},
				"east": {"uv": [13.746, 10.746, 13.004, 8.754], "texture": "#all", "tintindex": 0},
				"south": {"uv": [14.496, 10.746, 13.754, 8.754], "texture": "#all", "tintindex": 0},
				"west": {"uv": [15.246, 10.746, 14.504, 8.754], "texture": "#all", "tintindex": 0},
				"up": {"uv": [0, 0, 0, 0], "texture": "#all", "tintindex": 0},
				"down": {"uv": [14.504, 8.004, 15.246, 8.746], "texture": "#all", "tintindex": 0}
			}
		}
	],
	"display": {
		"head": {
			"translation": [0, -8, 0],
			"scale": [1.601, 1.601, 1.601]
		}
	}
}