{
  "providers": [
    {
      "type": "bitmap",
      "file": "manic:gui/sanity/bar_empty.png",
      "ascent": 2,
      "height": 9,
      "chars": [
        "\ua000"
      ]
    },
	{
      "type": "bitmap",
      "file": "manic:gui/sanity/bar_full.png",
      "ascent": 2,
      "height": 9,
      "chars": [
        "\ua001"
      ]
    },
	{
      "type": "bitmap",
      "file": "manic:gui/sanity/eyeball_shut.png",
      "ascent": 4,
      "height": 11,
      "chars": [
        "\ua002"
      ]
    },
	{
      "type": "bitmap",
      "file": "manic:gui/sanity/eyeball_open.png",
      "ascent": 4,
      "height": 11,
      "chars": [
        "\ua003"
      ]
    },
	{
      "type": "bitmap",
      "file": "manic:gui/sanity/eyeball_danger.png",
      "ascent": 4,
      "height": 11,
      "chars": [
        "\ua004"
      ]
    },
	{
      "type": "bitmap",
      "file": "manic:gui/sanity/eyeball_shut_twitch.png",
      "ascent": 4,
      "height": 11,
      "chars": [
        "\ua005"
      ]
    },
	{
      "type": "bitmap",
      "file": "manic:gui/sanity/eyeball_open_twitch.png",
      "ascent": 4,
      "height": 11,
      "chars": [
        "\ua006"
      ]
    },
	{
      "type": "bitmap",
      "file": "manic:gui/sanity/eyeball_danger_twitch.png",
      "ascent": 4,
      "height": 11,
      "chars": [
        "\ua007"
      ]
    },
	{
      "type": "bitmap",
      "file": "manic:gui/sanity/bar_lunacy.png",
      "ascent": 2,
      "height": 9,
      "chars": [
        "\ua008"
      ]
    },
	{
      "type": "bitmap",
      "file": "manic:gui/sanity/eyeball_lunacy.png",
      "ascent": 4,
      "height": 11,
      "chars": [
        "\ua009"
      ]
    },
	{
      "type": "bitmap",
      "file": "manic:gui/sanity/eyeball_lunacy_twitch.png",
      "ascent": 4,
      "height": 11,
      "chars": [
        "\ua010"
      ]
    },
	{
      "type": "bitmap",
      "file": "manic:gui/sanity/eyeball_lunacy_lit.png",
      "ascent": 4,
      "height": 11,
      "chars": [
        "\ua011"
      ]
    },
	{
      "type": "bitmap",
      "file": "manic:gui/sanity/eyeball_lunacy_lit_twitch.png",
      "ascent": 4,
      "height": 11,
      "chars": [
        "\ua012"
      ]
    }
  ]
}