{
	"credit": "Made with Blockbench, Modeller: ElBones",
	"texture_size": [64, 64],
	"textures": {
		"0": "manic:block/altar",
		"particle": "manic:block/altar"
	},
	"elements": [
		{
			"name": "Pot",
			"from": [2, 4, 2],
			"to": [14, 19, 14],
			"rotation": {"angle": 0, "axis": "y", "origin": [8, 6.5, 8]},
			"faces": {
				"north": {"uv": [0, 12.25, 3, 16], "texture": "#0"},
				"east": {"uv": [0, 12.25, 3, 16], "texture": "#0"},
				"south": {"uv": [0, 12.25, 3, 16], "texture": "#0"},
				"west": {"uv": [0, 12.25, 3, 16], "texture": "#0"},
				"up": {"uv": [0, 0, 3, 3], "rotation": 180, "texture": "#0"},
				"down": {"uv": [3, 0, 6, 3], "texture": "#0"}
			}
		},
		{
			"name": "Inside",
			"from": [12, 19, 12],
			"to": [4, 8, 4],
			"rotation": {"angle": 0, "axis": "y", "origin": [8, 6.5, 8]},
			"faces": {
				"north": {"uv": [6, 4.75, 8, 2], "texture": "#0"},
				"east": {"uv": [6, 4.75, 8, 2], "texture": "#0"},
				"south": {"uv": [6, 4.75, 8, 2], "texture": "#0"},
				"west": {"uv": [6, 4.75, 8, 2], "texture": "#0"},
				"up": {"uv": [8, 0, 6, 2], "texture": "#0"}
			}
		},
		{
			"name": "Base",
			"from": [4, 0, 4],
			"to": [12, 4, 12],
			"rotation": {"angle": 0, "axis": "y", "origin": [8, 2, 8]},
			"faces": {
				"north": {"uv": [0, 8.75, 2, 9.75], "texture": "#0"},
				"east": {"uv": [0, 8.75, 2, 9.75], "texture": "#0"},
				"south": {"uv": [0, 8.75, 2, 9.75], "texture": "#0"},
				"west": {"uv": [0, 8.75, 2, 9.75], "texture": "#0"},
				"down": {"uv": [0, 6.75, 2, 8.75], "texture": "#0"}
			}
		},
		{
			"name": "Cross",
			"from": [8, 17, -3.5],
			"to": [8, 27, 19.5],
			"shade": false,
			"rotation": {"angle": 45, "axis": "y", "origin": [8, 19.5, 8]},
			"faces": {
				"north": {"uv": [0, 0, 0, 1.75], "texture": "#missing"},
				"east": {"uv": [0, 9.75, 5.5, 12.25], "texture": "#0"},
				"south": {"uv": [0, 0, 0, 1.75], "texture": "#missing"},
				"west": {"uv": [5.5, 9.75, 0, 12.25], "texture": "#0"},
				"up": {"uv": [0, 0, 5.5, 0], "rotation": 90, "texture": "#missing"},
				"down": {"uv": [0, 0, 5.5, 0], "rotation": 270, "texture": "#missing"}
			}
		},
		{
			"name": "Cross",
			"from": [8, 17, -3.5],
			"to": [8, 27, 19.5],
			"shade": false,
			"rotation": {"angle": -45, "axis": "y", "origin": [8, 19.5, 8]},
			"faces": {
				"north": {"uv": [0, 0, 0, 1.75], "texture": "#missing"},
				"east": {"uv": [0, 9.75, 5.5, 12.25], "texture": "#0"},
				"south": {"uv": [0, 0, 0, 1.75], "texture": "#missing"},
				"west": {"uv": [5.5, 9.75, 0, 12.25], "texture": "#0"},
				"up": {"uv": [0, 0, 5.5, 0], "rotation": 90, "texture": "#missing"},
				"down": {"uv": [0, 0, 5.5, 0], "rotation": 270, "texture": "#missing"}
			}
		}
	],
	"display": {
		"ground": {
			"rotation": [0, -180, 0],
			"translation": [0, -9.5, -6]
		}
	},
	"groups": [
		0,
		1,
		2,
		{
			"name": "Cross",
			"origin": [8, 19.5, 8],
			"color": 0,
			"shade": false,
			"children": [3, 4]
		}
	]
}