{
	"credit": "Made with Blockbench",
	"texture_size": [64, 64],
	"textures": {
		"0": "manic:entity/chitter/eyes",
		"particle": "manic:entity/chitter/eyes"
	},
	"elements": [
		{
			"from": [-8, 0, 8],
			"to": [24, 32, 8],
			"faces": {
				"north": {"uv": [0, 0, 16, 16], "texture": "#0"},
				"east": {"uv": [0, 0, 0, 8], "texture": "#missing"},
				"south": {"uv": [0, 0, 16, 16], "texture": "#0"},
				"west": {"uv": [0, 0, 0, 8], "texture": "#missing"},
				"up": {"uv": [0, 0, 8, 0], "texture": "#missing"},
				"down": {"uv": [0, 0, 8, 0], "texture": "#missing"}
			}
		}
	],
	"display": {
		"head": {
			"translation": [0, -3.5, 0],
			"scale": [1.65, 1.65, 1.65]
		}
	}
}