{
	"credit": "Made with Blockbench",
	"textures": {
		"0": "manic:entity/necromancer"
	},
	"elements": [
		{
			"name": "torso",
			"from": [4, 6, 5],
			"to": [12, 18, 11],
			"faces": {
				"north": {"uv": [5.5, 6.5, 7.5, 9.5], "texture": "#0", "tintindex": 0},
				"east": {"uv": [4, 6.5, 5.5, 9.5], "texture": "#0", "tintindex": 0},
				"south": {"uv": [7.5, 6.5, 9.5, 9.5], "texture": "#0", "tintindex": 0},
				"west": {"uv": [9.5, 6.5, 11, 9.5], "texture": "#0", "tintindex": 0},
				"up": {"uv": [5.5, 5, 7.5, 6.5], "texture": "#0", "tintindex": 0},
				"down": {"uv": [7.5, 5, 9.5, 6.5], "texture": "#0", "tintindex": 0}
			}
		},
		{
			"name": "robe_outside",
			"from": [3.5, -1.5, 4.5],
			"to": [12.5, 18.5, 11.5],
			"faces": {
				"north": {"uv": [1.5, 11, 3.5, 15.75], "texture": "#0", "tintindex": 0},
				"east": {"uv": [0, 11, 1.5, 15.75], "texture": "#0", "tintindex": 0},
				"south": {"uv": [5, 11, 7, 15.75], "texture": "#0", "tintindex": 0},
				"west": {"uv": [3.5, 11, 5, 15.75], "texture": "#0", "tintindex": 0},
				"up": {"uv": [3.5, 11, 1.5, 9.5], "texture": "#0", "tintindex": 0},
				"down": {"uv": [0, 0, 0, 0], "texture": "#0", "tintindex": 0}
			}
		},
		{
			"name": "robe_inside",
			"from": [3.5, 18.5, 4.5],
			"to": [12.5, -1.5, 11.5],
			"faces": {
				"north": {"uv": [1.5, 11, 3.5, 15.75], "rotation": 180, "texture": "#0", "tintindex": 0},
				"east": {"uv": [3.5, 11, 5, 15.75], "rotation": 180, "texture": "#0", "tintindex": 0},
				"south": {"uv": [5, 11, 7, 15.75], "rotation": 180, "texture": "#0", "tintindex": 0},
				"west": {"uv": [0, 11, 1.5, 15.75], "rotation": 180, "texture": "#0", "tintindex": 0},
				"up": {"uv": [0, 0, 0, 0], "rotation": 180, "texture": "#0", "tintindex": 0},
				"down": {"uv": [0, 0, 2, 1.5], "rotation": 180, "texture": "#0", "tintindex": 0}
			}
		},
		{
			"name": "left_arm",
			"from": [0, 14.9, -2],
			"to": [4, 18.9, 10],
			"rotation": {"angle": 45, "axis": "x", "origin": [2, 16.9, 6]},
			"faces": {
				"north": {"uv": [12, 11.5, 13, 12.5], "texture": "#0", "tintindex": 0},
				"east": {"uv": [12, 12.5, 13, 15.5], "rotation": 270, "texture": "#0", "tintindex": 0},
				"south": {"uv": [11, 11.5, 12, 12.5], "texture": "#0", "tintindex": 0},
				"west": {"uv": [10, 12.5, 11, 15.5], "rotation": 90, "texture": "#0", "tintindex": 0},
				"up": {"uv": [13, 12.5, 14, 15.5], "rotation": 180, "texture": "#0", "tintindex": 0},
				"down": {"uv": [11, 12.5, 12, 15.5], "texture": "#0", "tintindex": 0}
			}
		},
		{
			"name": "right_arm",
			"from": [12, 14.9, -2],
			"to": [16, 18.9, 10],
			"rotation": {"angle": 45, "axis": "x", "origin": [14, 16.9, 6]},
			"faces": {
				"north": {"uv": [13, 11.5, 12, 12.5], "texture": "#0", "tintindex": 0},
				"east": {"uv": [10, 12.5, 11, 15.5], "rotation": 270, "texture": "#0", "tintindex": 0},
				"south": {"uv": [12, 11.5, 11, 12.5], "texture": "#0", "tintindex": 0},
				"west": {"uv": [13, 12.5, 12, 15.5], "rotation": 90, "texture": "#0", "tintindex": 0},
				"up": {"uv": [14, 12.5, 13, 15.5], "rotation": 180, "texture": "#0", "tintindex": 0},
				"down": {"uv": [12, 12.5, 11, 15.5], "texture": "#0", "tintindex": 0}
			}
		},
		{
			"name": "left_leg",
			"from": [4, -6, 6],
			"to": [8, 6, 10],
			"rotation": {"angle": 0, "axis": "x", "origin": [6, 5, 8]},
			"faces": {
				"north": {"uv": [1, 6.5, 2, 9.5], "texture": "#0", "tintindex": 0},
				"east": {"uv": [0, 6.5, 1, 9.5], "texture": "#0", "tintindex": 0},
				"south": {"uv": [3, 6.5, 4, 9.5], "texture": "#0", "tintindex": 0},
				"west": {"uv": [2, 6.5, 3, 9.5], "texture": "#0", "tintindex": 0},
				"up": {"uv": [1, 5.5, 2, 6.5], "rotation": 180, "texture": "#0", "tintindex": 0},
				"down": {"uv": [2, 5.5, 3, 6.5], "rotation": 180, "texture": "#0", "tintindex": 0}
			}
		},
		{
			"name": "right_leg",
			"from": [8, -6, 6],
			"to": [12, 6, 10],
			"rotation": {"angle": 0, "axis": "y", "origin": [10, 5, 8]},
			"faces": {
				"north": {"uv": [1, 6.5, 2, 9.5], "texture": "#0", "tintindex": 0},
				"east": {"uv": [0, 6.5, 1, 9.5], "texture": "#0", "tintindex": 0},
				"south": {"uv": [3, 6.5, 4, 9.5], "texture": "#0", "tintindex": 0},
				"west": {"uv": [2, 6.5, 3, 9.5], "texture": "#0", "tintindex": 0},
				"up": {"uv": [1, 5.5, 2, 6.5], "texture": "#0", "tintindex": 0},
				"down": {"uv": [2, 5.5, 3, 6.5], "rotation": 180, "texture": "#0", "tintindex": 0}
			}
		}
	],
	"display": {
		"ground": {
			"rotation": [0, -180, 0],
			"translation": [0, -3.5, -6.4],
			"scale": [1.01, 1.01, 1.01]
		}
	}
}