{
	"credit": "Made with Blockbench",
	"textures": {
		"0": "manic:entity/necromancer",
		"1": "manic:entity/necromancer_legs"
	},
	"elements": [
		{
			"name": "torso",
			"from": [4, 6, 5],
			"to": [12, 18, 11],
			"faces": {
				"north": {"uv": [5.5, 6.5, 7.5, 9.5], "texture": "#0", "tintindex": 0},
				"east": {"uv": [4, 6.5, 5.5, 9.5], "texture": "#0", "tintindex": 0},
				"south": {"uv": [7.5, 6.5, 9.5, 9.5], "texture": "#0", "tintindex": 0},
				"west": {"uv": [9.5, 6.5, 11, 9.5], "texture": "#0", "tintindex": 0},
				"up": {"uv": [5.5, 5, 7.5, 6.5], "texture": "#0", "tintindex": 0},
				"down": {"uv": [7.5, 5, 9.5, 6.5], "texture": "#0", "tintindex": 0}
			}
		},
		{
			"name": "robe_outside",
			"from": [3.5, -1.5, 4.5],
			"to": [12.5, 18.5, 11.5],
			"faces": {
				"north": {"uv": [1.5, 11, 3.5, 15.75], "texture": "#0", "tintindex": 0},
				"east": {"uv": [0, 11, 1.5, 15.75], "texture": "#0", "tintindex": 0},
				"south": {"uv": [5, 11, 7, 15.75], "texture": "#0", "tintindex": 0},
				"west": {"uv": [3.5, 11, 5, 15.75], "texture": "#0", "tintindex": 0},
				"up": {"uv": [3.5, 11, 1.5, 9.5], "texture": "#0", "tintindex": 0},
				"down": {"uv": [0, 0, 0, 0], "texture": "#0", "tintindex": 0}
			}
		},
		{
			"name": "right_arm",
			"from": [11.88, 7.87, 4.663],
			"to": [16.12, 16.11, 8.903],
			"rotation": {"angle": 45, "axis": "x", "origin": [14, 14, 8]},
			"faces": {
				"north": {"uv": [12, 6.5, 13, 8.5], "texture": "#0", "tintindex": 0},
				"east": {"uv": [11, 6.5, 12, 8.5], "texture": "#0", "tintindex": 0},
				"south": {"uv": [14, 6.5, 15, 8.5], "texture": "#0", "tintindex": 0},
				"west": {"uv": [13, 6.5, 14, 8.5], "texture": "#0", "tintindex": 0},
				"up": {"uv": [12, 5.5, 13, 6.5], "rotation": 180, "texture": "#0", "tintindex": 0},
				"down": {"uv": [13, 5.5, 14, 6.5], "texture": "#0", "tintindex": 0}
			}
		},
		{
			"name": "left_arm",
			"from": [-0.12, 7.87, 4.663],
			"to": [4.12, 16.11, 8.903],
			"rotation": {"angle": 45, "axis": "x", "origin": [14, 14, 8]},
			"faces": {
				"north": {"uv": [13, 6.5, 12, 8.5], "texture": "#0", "tintindex": 0},
				"east": {"uv": [14, 6.5, 13, 8.5], "texture": "#0", "tintindex": 0},
				"south": {"uv": [15, 6.5, 14, 8.5], "texture": "#0", "tintindex": 0},
				"west": {"uv": [12, 6.5, 11, 8.5], "texture": "#0", "tintindex": 0},
				"up": {"uv": [12, 6.5, 13, 5.5], "texture": "#0", "tintindex": 0},
				"down": {"uv": [14, 5.5, 13, 6.5], "texture": "#0", "tintindex": 0}
			}
		},
		{
			"name": "middle_arm",
			"from": [4.12, 7.87, 4.663],
			"to": [11.88, 11.99, 8.903],
			"rotation": {"angle": 45, "axis": "x", "origin": [14, 14, 8]},
			"faces": {
				"north": {"uv": [11, 10.5, 13, 11.5], "texture": "#0", "tintindex": 0},
				"east": {"uv": [11, 10.5, 10, 11.5], "texture": "#0", "tintindex": 0},
				"south": {"uv": [14, 10.5, 16, 11.5], "texture": "#0", "tintindex": 0},
				"west": {"uv": [13, 10.5, 14, 11.5], "texture": "#0", "tintindex": 0},
				"up": {"uv": [13, 10.5, 11, 9.5], "texture": "#0", "tintindex": 0},
				"down": {"uv": [15, 9.5, 13, 10.5], "texture": "#0", "tintindex": 0}
			}
		},
		{
			"name": "left_leg",
			"from": [4, -6, 6],
			"to": [8, 6, 10],
			"rotation": {"angle": 0, "axis": "x", "origin": [6, 5, 8]},
			"faces": {
				"north": {"uv": [10, 2, 12, 8], "texture": "#1", "tintindex": 0},
				"east": {"uv": [8, 2, 10, 8], "texture": "#1", "tintindex": 0},
				"south": {"uv": [14, 2, 16, 8], "texture": "#1", "tintindex": 0},
				"west": {"uv": [12, 2, 14, 8], "texture": "#1", "tintindex": 0},
				"up": {"uv": [10, 0, 12, 2], "texture": "#1", "tintindex": 0},
				"down": {"uv": [12, 0, 14, 2], "texture": "#1", "tintindex": 0}
			}
		},
		{
			"name": "left_leg_front",
			"from": [4, -6, 6],
			"to": [8, 6, 10],
			"rotation": {"angle": 22.5, "axis": "x", "origin": [6, 4, 8]},
			"faces": {
				"north": {"uv": [2, 2, 4, 8], "texture": "#1", "tintindex": 0},
				"east": {"uv": [0, 2, 2, 8], "texture": "#1", "tintindex": 0},
				"south": {"uv": [6, 2, 8, 8], "texture": "#1", "tintindex": 0},
				"west": {"uv": [4, 2, 6, 8], "texture": "#1", "tintindex": 0},
				"up": {"uv": [2, 0, 4, 2], "texture": "#1", "tintindex": 0},
				"down": {"uv": [4, 0, 6, 2], "texture": "#1", "tintindex": 0}
			}
		},
		{
			"name": "left_leg_back",
			"from": [4, -6, 6],
			"to": [8, 6, 10],
			"rotation": {"angle": -22.5, "axis": "x", "origin": [6, 4, 8]},
			"faces": {
				"north": {"uv": [10, 10, 12, 16], "texture": "#1", "tintindex": 0},
				"east": {"uv": [8, 10, 10, 16], "texture": "#1", "tintindex": 0},
				"south": {"uv": [14, 10, 16, 16], "texture": "#1", "tintindex": 0},
				"west": {"uv": [12, 10, 14, 16], "texture": "#1", "tintindex": 0},
				"up": {"uv": [10, 8, 12, 10], "texture": "#1", "tintindex": 0},
				"down": {"uv": [12, 8, 14, 10], "texture": "#1", "tintindex": 0}
			}
		},
		{
			"name": "right_leg",
			"from": [8, -6, 6],
			"to": [12, 6, 10],
			"rotation": {"angle": 0, "axis": "x", "origin": [10, 5, 8]},
			"faces": {
				"north": {"uv": [10, 2, 12, 8], "texture": "#1", "tintindex": 0},
				"east": {"uv": [8, 2, 10, 8], "texture": "#1", "tintindex": 0},
				"south": {"uv": [16, 2, 14, 8], "texture": "#1", "tintindex": 0},
				"west": {"uv": [12, 2, 14, 8], "texture": "#1", "tintindex": 0},
				"up": {"uv": [10, 0, 12, 2], "texture": "#1", "tintindex": 0},
				"down": {"uv": [12, 0, 14, 2], "rotation": 180, "texture": "#1", "tintindex": 0}
			}
		},
		{
			"name": "right_leg_front",
			"from": [8, -6, 6],
			"to": [12, 6, 10],
			"rotation": {"angle": 22.5, "axis": "x", "origin": [10, 4, 8]},
			"faces": {
				"north": {"uv": [10, 10, 12, 16], "texture": "#1", "tintindex": 0},
				"east": {"uv": [8, 10, 10, 16], "texture": "#1", "tintindex": 0},
				"south": {"uv": [14, 10, 16, 16], "texture": "#1", "tintindex": 0},
				"west": {"uv": [12, 10, 14, 16], "texture": "#1", "tintindex": 0},
				"up": {"uv": [10, 8, 12, 10], "texture": "#1", "tintindex": 0},
				"down": {"uv": [12, 8, 14, 10], "texture": "#1", "tintindex": 0}
			}
		},
		{
			"name": "right_leg_back",
			"from": [8, -6, 6],
			"to": [12, 6, 10],
			"rotation": {"angle": -22.5, "axis": "x", "origin": [10, 4, 8]},
			"faces": {
				"north": {"uv": [2.5, 2, 4.5, 8], "texture": "#1", "tintindex": 0},
				"east": {"uv": [0, 2, 2, 8], "texture": "#1", "tintindex": 0},
				"south": {"uv": [6, 2, 8, 8], "texture": "#1", "tintindex": 0},
				"west": {"uv": [4, 2, 6, 8], "texture": "#1", "tintindex": 0},
				"up": {"uv": [2, 0, 4, 2], "texture": "#1", "tintindex": 0},
				"down": {"uv": [4, 0, 6, 2], "texture": "#1", "tintindex": 0}
			}
		}
	],
	"display": {
		"ground": {
			"rotation": [0, -180, 0],
			"translation": [0, -3.5, -6.4],
			"scale": [1.01, 1.01, 1.01]
		}
	}
}