{
	"credit": "Made with Blockbench, Modeller: ElBones",
	"texture_size": [64, 64],
	"textures": {
		"0": "sanguine:entity/carrion/carrion",
		"particle": "sanguine:entity/carrion/carrion"
	},
	"elements": [
		{
			"name": "Head",
			"from": [3.5, 21, 3.5],
			"to": [12.5, 30, 12.5],
			"rotation": {"angle": 0, "axis": "y", "origin": [8, 21, 8]},
			"faces": {
				"north": {"uv": [2.25, 2.25, 4.5, 4.5], "texture": "#0", "tintindex": 0},
				"east": {"uv": [0, 2.25, 2.25, 4.5], "texture": "#0", "tintindex": 0},
				"south": {"uv": [6.75, 2.25, 9, 4.5], "texture": "#0", "tintindex": 0},
				"west": {"uv": [4.5, 2.25, 6.75, 4.5], "texture": "#0", "tintindex": 0},
				"up": {"uv": [2.25, 0, 4.5, 2.25], "rotation": 180, "texture": "#0", "tintindex": 0},
				"down": {"uv": [4.5, 0, 6.75, 2.25], "texture": "#0", "tintindex": 0}
			}
		},
		{
			"name": "Crown",
			"from": [0.5, 21, 7.5],
			"to": [15.5, 32, 8.5],
			"rotation": {"angle": 0, "axis": "y", "origin": [8, 21, 8]},
			"faces": {
				"north": {"uv": [9, 0, 12.75, 2.75], "texture": "#0", "tintindex": 0},
				"east": {"uv": [9, 0, 9.25, 2.75], "texture": "#0", "tintindex": 0},
				"south": {"uv": [12.75, 0, 9, 2.75], "texture": "#0", "tintindex": 0},
				"west": {"uv": [12.5, 0, 12.75, 2.75], "texture": "#0", "tintindex": 0},
				"up": {"uv": [9, 0, 12.75, 0.25], "rotation": 180, "texture": "#0", "tintindex": 0},
				"down": {"uv": [9, 2.5, 12.75, 2.75], "texture": "#0", "tintindex": 0}
			}
		},
		{
			"name": "Torso",
			"from": [1.5, 2, 5.5],
			"to": [14.5, 21, 10.5],
			"rotation": {"angle": 0, "axis": "y", "origin": [8, 11.5, 8]},
			"faces": {
				"north": {"uv": [1.25, 5.75, 4.5, 10.5], "texture": "#0", "tintindex": 0},
				"east": {"uv": [0, 5.75, 1.25, 10.5], "texture": "#0", "tintindex": 0},
				"south": {"uv": [5.75, 5.75, 9, 10.5], "texture": "#0", "tintindex": 0},
				"west": {"uv": [4.5, 5.75, 5.75, 10.5], "texture": "#0", "tintindex": 0},
				"up": {"uv": [1.5, 4.5, 4.75, 5.75], "rotation": 180, "texture": "#0", "tintindex": 0},
				"down": {"uv": [4.75, 4.5, 8, 5.75], "texture": "#0", "tintindex": 0}
			}
		},
		{
			"name": "Ribs0",
			"from": [5.5, 5, -1.5],
			"to": [15.5, 19, 8.5],
			"rotation": {"angle": 0, "axis": "y", "origin": [14.5, 12, 8.5]},
			"faces": {
				"north": {"uv": [2.5, 10.75, 5, 14.25], "texture": "#0", "tintindex": 0},
				"east": {"uv": [0, 10.75, 2.5, 14.25], "texture": "#0", "tintindex": 0},
				"south": {"uv": [10, 10.75, 7.5, 14.25], "texture": "#0", "tintindex": 0}
			}
		},
		{
			"name": "Ribs0 Inverted",
			"from": [15.5, 19, 8.5],
			"to": [5.5, 5, -1.5],
			"rotation": {"angle": 0, "axis": "y", "origin": [14.5, 12, 8.5]},
			"faces": {
				"north": {"uv": [10, 14.25, 7.5, 10.75], "texture": "#0", "tintindex": 0},
				"south": {"uv": [2.5, 14.25, 5, 10.75], "texture": "#0", "tintindex": 0},
				"west": {"uv": [0, 14.25, 2.5, 10.75], "texture": "#0", "tintindex": 0}
			}
		},
		{
			"name": "Ribs1",
			"from": [0.5, 5, -1.5],
			"to": [10.5, 19, 8.5],
			"rotation": {"angle": 0, "axis": "y", "origin": [1.5, 12, 8.5]},
			"faces": {
				"north": {"uv": [5, 10.75, 7.5, 14.25], "texture": "#0", "tintindex": 0},
				"south": {"uv": [7.5, 10.75, 10, 14.25], "texture": "#0", "tintindex": 0},
				"west": {"uv": [2.5, 10.75, 0, 14.25], "texture": "#0", "tintindex": 0}
			}
		},
		{
			"name": "Ribs1 Inverted",
			"from": [10.5, 19, 8.5],
			"to": [0.5, 5, -1.5],
			"rotation": {"angle": 0, "axis": "y", "origin": [1.5, 12, 8.5]},
			"faces": {
				"north": {"uv": [7.5, 14.25, 10, 10.75], "texture": "#0", "tintindex": 0},
				"east": {"uv": [2.5, 14.25, 0, 10.75], "texture": "#0", "tintindex": 0},
				"south": {"uv": [5, 14.25, 7.5, 10.75], "texture": "#0", "tintindex": 0}
			}
		},
		{
			"name": "Leg0",
			"from": [9.4, -6, 5.5],
			"to": [14.4, 2, 10.5],
			"rotation": {"angle": 0, "axis": "x", "origin": [11.9, 2, 8]},
			"faces": {
				"north": {"uv": [10.25, 4, 11.5, 6], "texture": "#0", "tintindex": 0},
				"east": {"uv": [9, 4, 10.25, 6], "texture": "#0", "tintindex": 0},
				"south": {"uv": [12.75, 4, 14, 6], "texture": "#0", "tintindex": 0},
				"west": {"uv": [11.5, 4, 12.75, 6], "texture": "#0", "tintindex": 0},
				"up": {"uv": [10.25, 2.75, 11.5, 4], "rotation": 180, "texture": "#0", "tintindex": 0},
				"down": {"uv": [11.5, 2.75, 12.75, 4], "texture": "#0", "tintindex": 0}
			}
		},
		{
			"name": "Leg1",
			"from": [1.6, -6, 5.5],
			"to": [6.6, 2, 10.5],
			"rotation": {"angle": 0, "axis": "x", "origin": [4.1, 2, 8]},
			"faces": {
				"north": {"uv": [11.5, 4, 10.25, 6], "texture": "#0", "tintindex": 0},
				"east": {"uv": [12.75, 4, 11.5, 6], "texture": "#0", "tintindex": 0},
				"south": {"uv": [14, 4, 12.75, 6], "texture": "#0", "tintindex": 0},
				"west": {"uv": [10.25, 4, 9, 6], "texture": "#0", "tintindex": 0},
				"up": {"uv": [11.5, 2.75, 10.25, 4], "rotation": 180, "texture": "#0", "tintindex": 0},
				"down": {"uv": [12.75, 2.75, 11.5, 4], "texture": "#0", "tintindex": 0}
			}
		}
	],
	"display": {
		"ground": {
			"rotation": [0, -180, 0],
			"translation": [0, -3.5, -6]
		},
		"head": {
			"translation": [0, -26.75, 0],
			"scale": [1.62, 1.62, 1.62]
		}
	},
	"groups": [
		{
			"name": "Head",
			"origin": [8, 22, 8],
			"color": 0,
			"children": [0, 1]
		},
		2,
		{
			"name": "Ribs",
			"origin": [14.5, 13, 10],
			"color": 0,
			"children": [
				{
					"name": "Ribs0",
					"origin": [14.5, 13, 10],
					"color": 0,
					"children": [3, 4]
				},
				{
					"name": "Ribs1",
					"origin": [14.5, 13, 10],
					"color": 0,
					"children": [5, 6]
				}
			]
		},
		{
			"name": "Legs",
			"origin": [4, 2, 8],
			"color": 0,
			"children": [7, 8]
		}
	]
}