{
	"credit": "Made with Blockbench",
	"texture_size": [64, 64],
	"textures": {
		"0": "sanguine:entity/reaper/reaper"
	},
	"elements": [
		{
			"name": "Head",
			"from": [3, 21, 3],
			"to": [13, 29, 13],
			"rotation": {"angle": -22.5, "axis": "y", "origin": [8, 13, 8]},
			"faces": {
				"north": {"uv": [0, 2.5, 2.5, 4.5], "texture": "#0", "tintindex": 0},
				"east": {"uv": [7.5, 2.5, 10, 4.5], "texture": "#0", "tintindex": 0},
				"south": {"uv": [5, 2.5, 7.5, 4.5], "texture": "#0", "tintindex": 0},
				"west": {"uv": [2.5, 2.5, 5, 4.5], "texture": "#0", "tintindex": 0},
				"up": {"uv": [5, 2.5, 2.5, 0], "rotation": 270, "texture": "#0", "tintindex": 0},
				"down": {"uv": [5, 0, 7.5, 2.5], "rotation": 90, "texture": "#0", "tintindex": 0}
			}
		},
		{
			"name": "Neck",
			"from": [7, 13, 7],
			"to": [9, 21, 9],
			"rotation": {"angle": -22.5, "axis": "y", "origin": [8, 13, 8]},
			"faces": {
				"north": {"uv": [14, 4.5, 14.5, 6.5], "texture": "#0", "tintindex": 0},
				"east": {"uv": [15.5, 4.5, 16, 6.5], "texture": "#0", "tintindex": 0},
				"south": {"uv": [15, 4.5, 15.5, 6.5], "texture": "#0", "tintindex": 0},
				"west": {"uv": [14.5, 4.5, 15, 6.5], "texture": "#0", "tintindex": 0},
				"up": {"uv": [15, 4.5, 14.5, 4], "rotation": 270, "texture": "#0", "tintindex": 0},
				"down": {"uv": [15, 4, 15.5, 4.5], "rotation": 90, "texture": "#0", "tintindex": 0}
			}
		},
		{
			"name": "Growths",
			"from": [8, 18, 1],
			"to": [8, 32, 15],
			"rotation": {"angle": -22.5, "axis": "y", "origin": [8, 21, 8]},
			"faces": {
				"east": {"uv": [15.75, 0.25, 12.25, 3.75], "texture": "#0", "tintindex": 0},
				"west": {"uv": [12.25, 0.25, 15.75, 3.75], "texture": "#0", "tintindex": 0}
			}
		},
		{
			"name": "Teeth",
			"from": [3, 19, 4],
			"to": [4, 21, 12],
			"rotation": {"angle": -22.5, "axis": "y", "origin": [8, 21, 8]},
			"faces": {
				"north": {"uv": [2.75, 4.5, 3, 5], "texture": "#0", "tintindex": 0},
				"east": {"uv": [4.75, 4.5, 2.75, 5], "texture": "#0", "tintindex": 0},
				"south": {"uv": [4.5, 4.5, 4.75, 5], "texture": "#0", "tintindex": 0},
				"west": {"uv": [2.75, 4.5, 4.75, 5], "texture": "#0", "tintindex": 0},
				"down": {"uv": [2.75, 4.75, 4.75, 5], "rotation": 90, "texture": "#0", "tintindex": 0}
			}
		},
		{
			"name": "Torso",
			"from": [4, 2, 6],
			"to": [12, 15, 10],
			"rotation": {"angle": 0, "axis": "y", "origin": [8, 8.5, 8]},
			"faces": {
				"north": {"uv": [1, 6, 3, 9.25], "texture": "#0", "tintindex": 0},
				"east": {"uv": [0, 6, 1, 9.25], "texture": "#0", "tintindex": 0},
				"south": {"uv": [4, 6, 6, 9.25], "texture": "#0", "tintindex": 0},
				"west": {"uv": [3, 6, 4, 9.25], "texture": "#0", "tintindex": 0},
				"up": {"uv": [3, 6, 1, 5], "texture": "#0", "tintindex": 0},
				"down": {"uv": [5, 5, 3, 6], "texture": "#0", "tintindex": 0}
			}
		},
		{
			"name": "Leg0",
			"from": [9, -4, 3],
			"to": [13, 4, 7],
			"rotation": {"angle": 0, "axis": "x", "origin": [11, 4, 6]},
			"faces": {
				"north": {"uv": [1, 10.25, 2, 12.25], "texture": "#0", "tintindex": 0},
				"east": {"uv": [0, 10.25, 1, 12.25], "texture": "#0", "tintindex": 0},
				"south": {"uv": [3, 10.25, 4, 12.25], "texture": "#0", "tintindex": 0},
				"west": {"uv": [2, 10.25, 3, 12.25], "texture": "#0", "tintindex": 0},
				"up": {"uv": [2, 10.25, 1, 9.25], "texture": "#0", "tintindex": 0},
				"down": {"uv": [2, 9.25, 3, 10.25], "texture": "#0", "tintindex": 0}
			}
		},
		{
			"name": "Leg1",
			"from": [3, -4, 3],
			"to": [7, 4, 7],
			"shade": false,
			"rotation": {"angle": 0, "axis": "y", "origin": [5, 4, 6]},
			"faces": {
				"north": {"uv": [2, 10.25, 1, 12.25], "texture": "#0", "tintindex": 0},
				"east": {"uv": [3, 10.25, 2, 12.25], "texture": "#0", "tintindex": 0},
				"south": {"uv": [4, 10.25, 3, 12.25], "texture": "#0", "tintindex": 0},
				"west": {"uv": [1, 10.25, 0, 12.25], "texture": "#0", "tintindex": 0},
				"up": {"uv": [1, 10.25, 2, 9.25], "texture": "#0", "tintindex": 0},
				"down": {"uv": [3, 9.25, 2, 10.25], "texture": "#0", "tintindex": 0}
			}
		},
		{
			"name": "Leg1",
			"from": [3, -4, 9],
			"to": [7, 4, 13],
			"rotation": {"angle": 0, "axis": "x", "origin": [5, 4, 10]},
			"faces": {
				"north": {"uv": [3, 10.25, 4, 12.25], "texture": "#0", "tintindex": 0},
				"east": {"uv": [2, 10.25, 3, 12.25], "texture": "#0", "tintindex": 0},
				"south": {"uv": [1, 10.25, 2, 12.25], "texture": "#0", "tintindex": 0},
				"west": {"uv": [0, 10.25, 1, 12.25], "texture": "#0", "tintindex": 0},
				"up": {"uv": [1, 9.25, 2, 10.25], "texture": "#0", "tintindex": 0},
				"down": {"uv": [3, 10.25, 2, 9.25], "texture": "#0", "tintindex": 0}
			}
		},
		{
			"name": "Leg0",
			"from": [9, -4, 9],
			"to": [13, 4, 13],
			"shade": false,
			"rotation": {"angle": 0, "axis": "y", "origin": [11, 4, 10]},
			"faces": {
				"north": {"uv": [4, 10.25, 3, 12.25], "texture": "#0", "tintindex": 0},
				"east": {"uv": [1, 10.25, 0, 12.25], "texture": "#0", "tintindex": 0},
				"south": {"uv": [2, 10.25, 1, 12.25], "texture": "#0", "tintindex": 0},
				"west": {"uv": [3, 10.25, 2, 12.25], "texture": "#0", "tintindex": 0},
				"up": {"uv": [2, 9.25, 1, 10.25], "texture": "#0", "tintindex": 0},
				"down": {"uv": [2, 10.25, 3, 9.25], "texture": "#0", "tintindex": 0}
			}
		}
	],
	"display": {
		"ground": {
			"rotation": [0, -180, 0],
			"translation": [0, -4.6, -6]
		}
	},
	"groups": [
		{
			"name": "All",
			"origin": [0, 0, 0],
			"color": 0,
			"children": [
				{
					"name": "Head",
					"origin": [0, 18, 0],
					"color": 0,
					"children": [0, 1, 2, 3]
				},
				4,
				{
					"name": "Legs",
					"origin": [0, 0, 0],
					"color": 0,
					"children": [
						{
							"name": "Front",
							"origin": [5, 8, 6],
							"color": 0,
							"children": [5, 6]
						},
						{
							"name": "Back",
							"origin": [5, 8, 6],
							"color": 0,
							"children": [7, 8]
						}
					]
				}
			]
		}
	]
}