{
	"credit": "Made with Blockbench, Modeller: ElBones",
	"texture_size": [64, 64],
	"textures": {
		"0": "sanguine:entity/gurgle/gurgle",
		"particle": "sanguine:entity/gurgle/gurgle"
	},
	"elements": [
		{
			"name": "Head",
			"from": [5, 17, 5],
			"to": [11, 31, 11],
			"rotation": {"angle": -22.5, "axis": "x", "origin": [8, 17, 8]},
			"faces": {
				"north": {"uv": [1.5, 1.5, 3, 5], "texture": "#0", "tintindex": 0},
				"east": {"uv": [0, 1.5, 1.5, 5], "texture": "#0", "tintindex": 0},
				"south": {"uv": [4.5, 1.5, 6, 5], "texture": "#0", "tintindex": 0},
				"west": {"uv": [3, 1.5, 4.5, 5], "texture": "#0", "tintindex": 0},
				"up": {"uv": [1.5, 0, 3, 1.5], "rotation": 180, "texture": "#0", "tintindex": 0},
				"down": {"uv": [3, 0, 4.5, 1.5], "texture": "#0", "tintindex": 0}
			}
		},
		{
			"name": "Torso",
			"from": [2, 15, 2],
			"to": [14, 18, 14],
			"rotation": {"angle": 0, "axis": "y", "origin": [8, 15, 8]},
			"faces": {
				"north": {"uv": [3, 8, 6, 8.75], "texture": "#0", "tintindex": 0},
				"east": {"uv": [0, 8, 3, 8.75], "texture": "#0", "tintindex": 0},
				"south": {"uv": [9, 8, 12, 8.75], "texture": "#0", "tintindex": 0},
				"west": {"uv": [6, 8, 9, 8.75], "texture": "#0", "tintindex": 0},
				"up": {"uv": [3, 5, 6, 8], "rotation": 180, "texture": "#0", "tintindex": 0},
				"down": {"uv": [6, 5, 9, 8], "texture": "#0", "tintindex": 0}
			}
		},
		{
			"name": "Poison Sac",
			"from": [1, 4, 0],
			"to": [15, 15, 14],
			"rotation": {"angle": 0, "axis": "y", "origin": [2, 12, 1]},
			"faces": {
				"north": {"uv": [3.5, 12.25, 7, 15], "texture": "#0", "tintindex": 0},
				"east": {"uv": [0, 12.25, 3.5, 15], "texture": "#0", "tintindex": 0},
				"south": {"uv": [10.5, 12.25, 14, 15], "texture": "#0", "tintindex": 0},
				"west": {"uv": [7, 12.25, 10.5, 15], "texture": "#0", "tintindex": 0},
				"up": {"uv": [3.5, 8.75, 7, 12.25], "rotation": 180, "texture": "#0", "tintindex": 0},
				"down": {"uv": [7, 8.75, 10.5, 12.25], "texture": "#0", "tintindex": 0}
			}
		},
		{
			"name": "Arm0",
			"from": [14, 0, 8],
			"to": [24, 18, 8],
			"rotation": {"angle": 0, "axis": "z", "origin": [14, 16, 8]},
			"faces": {
				"north": {"uv": [13.5, 0, 16, 4.5], "texture": "#0", "tintindex": 0},
				"south": {"uv": [16, 0, 13.5, 4.5], "texture": "#0", "tintindex": 0}
			}
		},
		{
			"name": "Arm1",
			"from": [-8, 0, 8],
			"to": [2, 18, 8],
			"rotation": {"angle": 0, "axis": "y", "origin": [2, 16, 8]},
			"faces": {
				"north": {"uv": [16, 0, 13.5, 4.5], "texture": "#0", "tintindex": 0},
				"south": {"uv": [13.5, 0, 16, 4.5], "texture": "#0", "tintindex": 0}
			}
		},
		{
			"name": "Leg0",
			"from": [9, -5, 5],
			"to": [13, 4, 9],
			"rotation": {"angle": 0, "axis": "y", "origin": [11, 4, 7]},
			"faces": {
				"north": {"uv": [7, 1, 8, 3.25], "texture": "#0", "tintindex": 0},
				"east": {"uv": [6, 1, 7, 3.25], "texture": "#0", "tintindex": 0},
				"south": {"uv": [9, 1, 10, 3.25], "texture": "#0", "tintindex": 0},
				"west": {"uv": [8, 1, 9, 3.25], "texture": "#0", "tintindex": 0},
				"up": {"uv": [7, 0, 8, 1], "texture": "#0", "tintindex": 0},
				"down": {"uv": [8, 0, 9, 1], "texture": "#0", "tintindex": 0}
			}
		},
		{
			"name": "Leg1",
			"from": [3, -5, 5],
			"to": [7, 4, 9],
			"rotation": {"angle": 0, "axis": "y", "origin": [5, 4, 7]},
			"faces": {
				"north": {"uv": [8, 1, 7, 3.25], "texture": "#0", "tintindex": 0},
				"east": {"uv": [9, 1, 8, 3.25], "texture": "#0", "tintindex": 0},
				"south": {"uv": [10, 1, 9, 3.25], "texture": "#0", "tintindex": 0},
				"west": {"uv": [7, 1, 6, 3.25], "texture": "#0", "tintindex": 0},
				"up": {"uv": [8, 0, 7, 1], "texture": "#0", "tintindex": 0},
				"down": {"uv": [9, 0, 8, 1], "texture": "#0", "tintindex": 0}
			}
		}
	],
	"display": {
		"ground": {
			"rotation": [0, -180, 0],
			"translation": [0, -4.5, -6]
		},
		"head": {
			"translation": [0, -26.75, 0],
			"scale": [1.62, 1.62, 1.62]
		}
	},
	"groups": [
		0,
		{
			"name": "Torso",
			"origin": [2, 12, 1],
			"color": 0,
			"children": [
				1,
				2,
				{
					"name": "Arms",
					"origin": [2, 12, 1],
					"color": 0,
					"children": [3, 4]
				},
				{
					"name": "Legs",
					"origin": [2, 12, 1],
					"color": 0,
					"children": [5, 6]
				}
			]
		}
	]
}