{
	"credit": "Made with Blockbench",
	"texture_size": [64, 64],
	"textures": {
		"0": "manic:entity/monk",
		"particle": "manic:entity/monk"
	},
	"elements": [
		{
			"name": "Body",
			"from": [4, 12, 6],
			"to": [12, 24, 10],
			"rotation": {"angle": 0, "axis": "y", "origin": [8, 24, 8]},
			"faces": {
				"north": {"uv": [5, 4.975, 7, 7.975], "texture": "#0", "tintindex": 0},
				"east": {"uv": [4, 4.975, 5, 7.975], "texture": "#0", "tintindex": 0},
				"south": {"uv": [8, 4.975, 10, 7.975], "texture": "#0", "tintindex": 0},
				"west": {"uv": [7, 4.975, 8, 7.975], "texture": "#0", "tintindex": 0},
				"up": {"uv": [7, 4.975, 5, 3.975], "texture": "#0", "tintindex": 0},
				"down": {"uv": [9, 3.975, 7, 4.975], "texture": "#0", "tintindex": 0}
			}
		},
		{
			"name": "Arm1",
			"from": [0, 12, 6],
			"to": [4, 24, 10],
			"rotation": {"angle": 0, "axis": "x", "origin": [4, 23, 8]},
			"faces": {
				"north": {"uv": [9, 13, 10, 16], "texture": "#0", "tintindex": 0},
				"east": {"uv": [8, 13, 9, 16], "texture": "#0", "tintindex": 0},
				"south": {"uv": [11, 13, 12, 16], "texture": "#0", "tintindex": 0},
				"west": {"uv": [10, 13, 11, 16], "texture": "#0", "tintindex": 0},
				"up": {"uv": [10, 13, 9, 12], "texture": "#0", "tintindex": 0},
				"down": {"uv": [11, 12, 10, 13], "texture": "#0", "tintindex": 0}
			}
		},
		{
			"name": "Arm0",
			"from": [12, 12, 6],
			"to": [16, 24, 10],
			"rotation": {"angle": 45, "axis": "x", "origin": [12, 23, 8]},
			"faces": {
				"north": {"uv": [11, 5, 12, 8], "texture": "#0", "tintindex": 0},
				"east": {"uv": [10, 5, 11, 8], "texture": "#0", "tintindex": 0},
				"south": {"uv": [13, 5, 14, 8], "texture": "#0", "tintindex": 0},
				"west": {"uv": [12, 5, 13, 8], "texture": "#0", "tintindex": 0},
				"up": {"uv": [12, 5, 11, 4], "texture": "#0", "tintindex": 0},
				"down": {"uv": [13, 4, 12, 5], "texture": "#0", "tintindex": 0}
			}
		},
		{
			"name": "Leg0",
			"from": [8, 0, 6],
			"to": [12, 12, 10],
			"rotation": {"angle": 0, "axis": "x", "origin": [10, 11, 8]},
			"faces": {
				"north": {"uv": [1, 5, 2, 8], "texture": "#0", "tintindex": 0},
				"east": {"uv": [0, 5, 1, 8], "texture": "#0", "tintindex": 0},
				"south": {"uv": [3, 5, 4, 8], "texture": "#0", "tintindex": 0},
				"west": {"uv": [2, 5, 3, 8], "texture": "#0", "tintindex": 0},
				"up": {"uv": [2, 5, 1, 4], "texture": "#0", "tintindex": 0},
				"down": {"uv": [3, 4, 2, 5], "texture": "#0", "tintindex": 0}
			}
		},
		{
			"name": "Leg1",
			"from": [4, 0, 6],
			"to": [8, 12, 10],
			"shade": false,
			"rotation": {"angle": 0, "axis": "y", "origin": [6, 11, 8]},
			"faces": {
				"north": {"uv": [6, 13, 5, 16], "texture": "#0", "tintindex": 0},
				"east": {"uv": [7, 13, 6, 16], "texture": "#0", "tintindex": 0},
				"south": {"uv": [8, 13, 7, 16], "texture": "#0", "tintindex": 0},
				"west": {"uv": [5, 13, 4, 16], "texture": "#0", "tintindex": 0},
				"up": {"uv": [5, 13, 6, 12], "texture": "#0", "tintindex": 0},
				"down": {"uv": [6, 12, 7, 13], "texture": "#0", "tintindex": 0}
			}
		},
		{
			"name": "Item",
			"from": [9, 15.76059, -2.74803],
			"to": [17, 23.76059, -2.74803],
			"rotation": {"angle": -45, "axis": "x", "origin": [13, 19.76059, -0.97581]},
			"faces": {
				"north": {"uv": [0, 0, 16, 16], "texture": "#1", "tintindex": 0},
				"east": {"uv": [0, 0, 16, 16], "texture": "#1", "tintindex": 0},
				"south": {"uv": [0, 0, 16, 16], "texture": "#1", "tintindex": 0},
				"west": {"uv": [0, 0, 16, 16], "texture": "#1", "tintindex": 0},
				"up": {"uv": [0, 0, 2, 0], "texture": "#missing"},
				"down": {"uv": [0, 0, 2, 0], "texture": "#missing"}
			}
		}
	],
	"display": {
		"thirdperson_righthand": {
			"translation": [0, 3, 1],
			"scale": [0.55, 0.55, 0.55]
		},
		"ground": {
			"rotation": [0, -180, 0],
			"translation": [0, -9.5, -6]
		},
		"head": {
			"translation": [0, -28, 0],
			"scale": [1.6, 1.6, 1.6]
		}
	},
	"groups": [
		0,
		{
			"name": "Arms",
			"origin": [12, 23, 8],
			"color": 0,
			"children": [1, 2]
		},
		{
			"name": "Legs",
			"origin": [6, 11, 8],
			"color": 0,
			"children": [3, 4]
		},
		{
			"name": "Item",
			"origin": [8, 8, 8],
			"color": 0,
			"children": [5]
		}
	]
}