{
	"credit": "Made with Blockbench",
	"texture_size": [64, 64],
	"textures": {
		"0": "manic:entity/monk",
		"1": "manic:entity/monk_walking",
		"particle": "manic:entity/monk"
	},
	"elements": [
		{
			"name": "Body",
			"from": [4, 12, 6],
			"to": [12, 24, 10],
			"rotation": {"angle": 0, "axis": "y", "origin": [8, 24, 8]},
			"faces": {
				"north": {"uv": [5, 4.975, 7, 7.975], "texture": "#0", "tintindex": 0},
				"east": {"uv": [4, 4.975, 5, 7.975], "texture": "#0", "tintindex": 0},
				"south": {"uv": [8, 4.975, 10, 7.975], "texture": "#0", "tintindex": 0},
				"west": {"uv": [7, 4.975, 8, 7.975], "texture": "#0", "tintindex": 0},
				"up": {"uv": [7, 4.975, 5, 3.975], "texture": "#0", "tintindex": 0},
				"down": {"uv": [9, 3.975, 7, 4.975], "texture": "#0", "tintindex": 0}
			}
		},
		{
			"name": "Arm1",
			"from": [0, 12, 6],
			"to": [4, 24, 10],
			"rotation": {"angle": 0, "axis": "x", "origin": [4, 23, 8]},
			"faces": {
				"north": {"uv": [9, 13, 10, 16], "texture": "#0", "tintindex": 0},
				"east": {"uv": [8, 13, 9, 16], "texture": "#0", "tintindex": 0},
				"south": {"uv": [11, 13, 12, 16], "texture": "#0", "tintindex": 0},
				"west": {"uv": [10, 13, 11, 16], "texture": "#0", "tintindex": 0},
				"up": {"uv": [10, 13, 9, 12], "texture": "#0", "tintindex": 0},
				"down": {"uv": [11, 12, 10, 13], "texture": "#0", "tintindex": 0}
			}
		},
		{
			"name": "Arm0",
			"from": [12, 12, 6],
			"to": [16, 24, 10],
			"rotation": {"angle": 0, "axis": "x", "origin": [12, 23, 8]},
			"faces": {
				"north": {"uv": [11, 5, 12, 8], "texture": "#0", "tintindex": 0},
				"east": {"uv": [10, 5, 11, 8], "texture": "#0", "tintindex": 0},
				"south": {"uv": [13, 5, 14, 8], "texture": "#0", "tintindex": 0},
				"west": {"uv": [12, 5, 13, 8], "texture": "#0", "tintindex": 0},
				"up": {"uv": [12, 5, 11, 4], "texture": "#0", "tintindex": 0},
				"down": {"uv": [13, 4, 12, 5], "texture": "#0", "tintindex": 0}
			}
		},
		{
			"name": "Leg0",
			"from": [8, 0, 6],
			"to": [12, 12, 10],
			"rotation": {"angle": 22.5, "axis": "x", "origin": [10, 11, 8]},
			"faces": {
				"north": {"uv": [2, 2, 4, 8], "texture": "#1", "tintindex": 0},
				"east": {"uv": [4, 2, 6, 8], "texture": "#1", "tintindex": 0},
				"south": {"uv": [6, 2, 8, 8], "texture": "#1", "tintindex": 0},
				"west": {"uv": [0, 2, 2, 8], "texture": "#1", "tintindex": 0},
				"up": {"uv": [4, 2, 2, 0], "texture": "#1", "tintindex": 0},
				"down": {"uv": [6, 0, 4, 2], "texture": "#1", "tintindex": 0}
			}
		},
		{
			"name": "Leg1",
			"from": [4, 0, 6],
			"to": [8, 12, 10],
			"shade": false,
			"rotation": {"angle": -22.5, "axis": "x", "origin": [6, 11, 8]},
			"faces": {
				"north": {"uv": [4, 2, 2, 8], "texture": "#1", "tintindex": 0},
				"east": {"uv": [6, 2, 4, 8], "texture": "#1", "tintindex": 0},
				"south": {"uv": [8, 2, 6, 8], "texture": "#1", "tintindex": 0},
				"west": {"uv": [2, 2, 0, 8], "texture": "#1", "tintindex": 0},
				"up": {"uv": [2, 2, 4, 0], "texture": "#1", "tintindex": 0},
				"down": {"uv": [4, 0, 6, 2], "texture": "#1", "tintindex": 0}
			}
		},
		{
			"name": "Leg0",
			"from": [8, 0, 6],
			"to": [12, 12, 10],
			"rotation": {"angle": 0, "axis": "x", "origin": [10, 11, 8]},
			"faces": {
				"north": {"uv": [10, 2, 12, 8], "texture": "#1", "tintindex": 0},
				"east": {"uv": [12, 2, 14, 8], "texture": "#1", "tintindex": 0},
				"south": {"uv": [14, 2, 16, 8], "texture": "#1", "tintindex": 0},
				"west": {"uv": [8, 2, 10, 8], "texture": "#1", "tintindex": 0},
				"up": {"uv": [12, 2, 10, 0], "texture": "#1", "tintindex": 0},
				"down": {"uv": [14, 0, 12, 2], "texture": "#1", "tintindex": 0}
			}
		},
		{
			"name": "Leg1",
			"from": [4, 0, 6],
			"to": [8, 12, 10],
			"shade": false,
			"rotation": {"angle": 0, "axis": "y", "origin": [6, 11, 8]},
			"faces": {
				"north": {"uv": [12, 2, 10, 8], "texture": "#1", "tintindex": 0},
				"east": {"uv": [14, 2, 12, 8], "texture": "#1", "tintindex": 0},
				"south": {"uv": [16, 2, 14, 8], "texture": "#1", "tintindex": 0},
				"west": {"uv": [10, 2, 8, 8], "texture": "#1", "tintindex": 0},
				"up": {"uv": [10, 2, 12, 0], "texture": "#1", "tintindex": 0},
				"down": {"uv": [12, 0, 14, 2], "texture": "#1", "tintindex": 0}
			}
		},
		{
			"name": "Leg0",
			"from": [8, 0, 6],
			"to": [12, 12, 10],
			"rotation": {"angle": -22.5, "axis": "x", "origin": [10, 11, 8]},
			"faces": {
				"north": {"uv": [2, 10, 4, 16], "texture": "#1", "tintindex": 0},
				"east": {"uv": [4, 10, 6, 16], "texture": "#1", "tintindex": 0},
				"south": {"uv": [6, 10, 8, 16], "texture": "#1", "tintindex": 0},
				"west": {"uv": [0, 10, 2, 16], "texture": "#1", "tintindex": 0},
				"up": {"uv": [4, 10, 2, 8], "texture": "#1", "tintindex": 0},
				"down": {"uv": [6, 8, 4, 10], "texture": "#1", "tintindex": 0}
			}
		},
		{
			"name": "Leg1",
			"from": [4, 0, 6],
			"to": [8, 12, 10],
			"shade": false,
			"rotation": {"angle": 22.5, "axis": "x", "origin": [6, 11, 8]},
			"faces": {
				"north": {"uv": [4, 10, 2, 16], "texture": "#1", "tintindex": 0},
				"east": {"uv": [6, 10, 4, 16], "texture": "#1", "tintindex": 0},
				"south": {"uv": [8, 10, 6, 16], "texture": "#1", "tintindex": 0},
				"west": {"uv": [2, 10, 0, 16], "texture": "#1", "tintindex": 0},
				"up": {"uv": [2, 10, 4, 8], "texture": "#1", "tintindex": 0},
				"down": {"uv": [4, 8, 6, 10], "texture": "#1", "tintindex": 0}
			}
		}
	],
	"display": {
		"ground": {
			"rotation": [0, -180, 0],
			"translation": [0, -9.5, -6]
		},
		"head": {
			"translation": [0, -28, 0],
			"scale": [1.6, 1.6, 1.6]
		}
	},
	"groups": [
		0,
		{
			"name": "Arms",
			"origin": [12, 23, 8],
			"color": 0,
			"children": [1, 2]
		},
		{
			"name": "Legs",
			"origin": [6, 11, 8],
			"color": 0,
			"children": [
				{
					"name": "Legs0",
					"origin": [6, 11, 8],
					"color": 0,
					"children": [3, 4]
				},
				{
					"name": "Legs1",
					"origin": [6, 11, 8],
					"color": 0,
					"children": [5, 6]
				},
				{
					"name": "Legs2",
					"origin": [6, 11, 8],
					"color": 0,
					"children": [7, 8]
				}
			]
		}
	]
}