{
	"credit": "Made with Blockbench, Modeller: ElBones",
	"texture_size": [64, 64],
	"textures": {
		"0": "sanguine:entity/butcher/butcher",
		"1": "sanguine:entity/butcher/butcher_animation",
		"particle": "sanguine:entity/butcher/butcher"
	},
	"elements": [
		{
			"name": "Skull",
			"from": [4, 21, 3],
			"to": [12, 27, 8],
			"rotation": {"angle": 22.5, "axis": "x", "origin": [8, 21, 4]},
			"faces": {
				"north": {"uv": [1.25, 1.25, 3.25, 2.75], "texture": "#0", "tintindex": 0},
				"east": {"uv": [0, 1.25, 1.25, 2.75], "texture": "#0", "tintindex": 0},
				"south": {"uv": [4.5, 1.25, 6.5, 2.75], "texture": "#0", "tintindex": 0},
				"west": {"uv": [3.25, 1.25, 4.5, 2.75], "texture": "#0", "tintindex": 0},
				"up": {"uv": [1.25, 0, 3.25, 1.25], "rotation": 180, "texture": "#0", "tintindex": 0},
				"down": {"uv": [3.25, 0, 5.25, 1.25], "texture": "#0", "tintindex": 0}
			}
		},
		{
			"name": "HornA0",
			"from": [12, 25, 3],
			"to": [15, 27, 5],
			"rotation": {"angle": 22.5, "axis": "x", "origin": [8, 21, 4]},
			"faces": {
				"north": {"uv": [5.75, 0.5, 6.5, 1], "texture": "#0", "tintindex": 0},
				"east": {"uv": [5.25, 0.5, 5.75, 1], "texture": "#0", "tintindex": 0},
				"south": {"uv": [7, 0.5, 7.75, 1], "texture": "#0", "tintindex": 0},
				"west": {"uv": [6.5, 0.5, 7, 1], "texture": "#0", "tintindex": 0},
				"up": {"uv": [5.75, 0, 6.5, 0.5], "rotation": 180, "texture": "#0", "tintindex": 0},
				"down": {"uv": [6.5, 0, 7.25, 0.5], "texture": "#0", "tintindex": 0}
			}
		},
		{
			"name": "HornB0",
			"from": [15, 25, 3],
			"to": [16, 30, 5],
			"rotation": {"angle": 22.5, "axis": "x", "origin": [8, 21, 4]},
			"faces": {
				"north": {"uv": [8.25, 0.5, 8.5, 1.75], "texture": "#0", "tintindex": 0},
				"east": {"uv": [7.75, 0.5, 8.25, 1.75], "texture": "#0", "tintindex": 0},
				"south": {"uv": [9, 0.5, 9.25, 1.75], "texture": "#0", "tintindex": 0},
				"west": {"uv": [8.5, 0.5, 9, 1.75], "texture": "#0", "tintindex": 0},
				"up": {"uv": [8.25, 0, 8.5, 0.5], "rotation": 180, "texture": "#0", "tintindex": 0},
				"down": {"uv": [8.5, 0, 8.75, 0.5], "texture": "#0", "tintindex": 0}
			}
		},
		{
			"name": "HornA1",
			"from": [0, 25, 3],
			"to": [1, 30, 5],
			"rotation": {"angle": 22.5, "axis": "x", "origin": [8, 21, 4]},
			"faces": {
				"north": {"uv": [8.5, 0.5, 8.25, 1.75], "texture": "#0", "tintindex": 0},
				"east": {"uv": [9, 0.5, 8.5, 1.75], "texture": "#0", "tintindex": 0},
				"south": {"uv": [9.25, 0.5, 9, 1.75], "texture": "#0", "tintindex": 0},
				"west": {"uv": [8.25, 0.5, 7.75, 1.75], "texture": "#0", "tintindex": 0},
				"up": {"uv": [8.5, 0, 8.25, 0.5], "rotation": 180, "texture": "#0", "tintindex": 0},
				"down": {"uv": [8.75, 0, 8.5, 0.5], "texture": "#0", "tintindex": 0}
			}
		},
		{
			"name": "HornB1",
			"from": [1, 25, 3],
			"to": [4, 27, 5],
			"rotation": {"angle": 22.5, "axis": "x", "origin": [8, 21, 4]},
			"faces": {
				"north": {"uv": [6.5, 0.5, 5.75, 1], "texture": "#0", "tintindex": 0},
				"east": {"uv": [7, 0.5, 6.5, 1], "texture": "#0", "tintindex": 0},
				"south": {"uv": [7.75, 0.5, 7, 1], "texture": "#0", "tintindex": 0},
				"west": {"uv": [5.75, 0.5, 5.25, 1], "texture": "#0", "tintindex": 0},
				"up": {"uv": [6.5, 0, 5.75, 0.5], "rotation": 180, "texture": "#0", "tintindex": 0},
				"down": {"uv": [7.25, 0, 6.5, 0.5], "texture": "#0", "tintindex": 0}
			}
		},
		{
			"name": "Nose Skull",
			"from": [6, 15, 3],
			"to": [10, 21, 7],
			"rotation": {"angle": 22.5, "axis": "x", "origin": [8, 21, 4]},
			"faces": {
				"north": {"uv": [1, 3.75, 2, 5.25], "texture": "#0", "tintindex": 0},
				"east": {"uv": [0, 3.75, 1, 5.25], "texture": "#0", "tintindex": 0},
				"south": {"uv": [3, 3.75, 4, 5.25], "texture": "#0", "tintindex": 0},
				"west": {"uv": [2, 3.75, 3, 5.25], "texture": "#0", "tintindex": 0},
				"up": {"uv": [1, 2.75, 2, 3.75], "rotation": 180, "texture": "#0", "tintindex": 0},
				"down": {"uv": [2, 2.75, 3, 3.75], "texture": "#0", "tintindex": 0}
			}
		},
		{
			"name": "Torso",
			"from": [2, 11, 7],
			"to": [14, 21, 12],
			"rotation": {"angle": 0, "axis": "y", "origin": [8, 11, 9.5]},
			"faces": {
				"north": {"uv": [1.25, 6.5, 4.25, 9], "texture": "#0", "tintindex": 0},
				"east": {"uv": [0, 6.5, 1.25, 9], "texture": "#0", "tintindex": 0},
				"south": {"uv": [5.5, 6.5, 8.5, 9], "texture": "#0", "tintindex": 0},
				"west": {"uv": [4.25, 6.5, 5.5, 9], "texture": "#0", "tintindex": 0},
				"up": {"uv": [1.25, 5.25, 4.25, 6.5], "rotation": 180, "texture": "#0", "tintindex": 0},
				"down": {"uv": [4.25, 5.25, 7.25, 6.5], "texture": "#0", "tintindex": 0}
			}
		},
		{
			"name": "Hip",
			"from": [4, 7, 8],
			"to": [12, 11, 11],
			"rotation": {"angle": 0, "axis": "y", "origin": [8, 11, 9.5]},
			"faces": {
				"north": {"uv": [0.75, 9.75, 2.75, 10.75], "texture": "#0", "tintindex": 0},
				"east": {"uv": [0, 9.75, 0.75, 10.75], "texture": "#0", "tintindex": 0},
				"south": {"uv": [3.5, 9.75, 5.5, 10.75], "texture": "#0", "tintindex": 0},
				"west": {"uv": [2.75, 9.75, 3.5, 10.75], "texture": "#0", "tintindex": 0},
				"up": {"uv": [0.75, 9, 2.75, 9.75], "rotation": 180, "texture": "#0", "tintindex": 0},
				"down": {"uv": [2.75, 9, 4.75, 9.75], "texture": "#0", "tintindex": 0}
			}
		},
		{
			"name": "Arm0",
			"from": [14, 7, 8],
			"to": [17, 21, 11],
			"rotation": {"angle": -22.5, "axis": "x", "origin": [14, 19, 9.5]},
			"faces": {
				"north": {"uv": [0.75, 0.75, 1.5, 4.25], "texture": "#1", "tintindex": 0},
				"east": {"uv": [0, 0.75, 0.75, 4.25], "texture": "#1", "tintindex": 0},
				"south": {"uv": [2.25, 0.75, 3, 4.25], "texture": "#1", "tintindex": 0},
				"west": {"uv": [1.5, 0.75, 2.25, 4.25], "texture": "#1", "tintindex": 0},
				"up": {"uv": [0.75, 0, 1.5, 0.75], "rotation": 180, "texture": "#1", "tintindex": 0},
				"down": {"uv": [1.5, 0, 2.25, 0.75], "texture": "#1", "tintindex": 0}
			}
		},
		{
			"name": "Leather0",
			"from": [17, 7, 9.5],
			"to": [20, 21, 9.5],
			"rotation": {"angle": -22.5, "axis": "x", "origin": [14, 19, 9.5]},
			"faces": {
				"north": {"uv": [15.25, 0, 16, 3.5], "texture": "#1", "tintindex": 0},
				"east": {"uv": [0, 0, 0, 0], "texture": "#1", "tintindex": 0},
				"south": {"uv": [16, 0, 15.25, 3.5], "texture": "#1", "tintindex": 0},
				"west": {"uv": [0, 0, 0, 0], "texture": "#1", "tintindex": 0},
				"up": {"uv": [0, 0, 0, 0], "texture": "#1", "tintindex": 0},
				"down": {"uv": [0, 0, 0, 0], "texture": "#1", "tintindex": 0}
			}
		},
		{
			"name": "Arm1",
			"from": [-1, 7, 8],
			"to": [2, 21, 11],
			"rotation": {"angle": 22.5, "axis": "x", "origin": [2, 19, 9.5]},
			"faces": {
				"north": {"uv": [1.5, 0.75, 0.75, 4.25], "texture": "#1", "tintindex": 0},
				"east": {"uv": [2.25, 0.75, 1.5, 4.25], "texture": "#1", "tintindex": 0},
				"south": {"uv": [3, 0.75, 2.25, 4.25], "texture": "#1", "tintindex": 0},
				"west": {"uv": [0.75, 0.75, 0, 4.25], "texture": "#1", "tintindex": 0},
				"up": {"uv": [1.5, 0, 0.75, 0.75], "rotation": 180, "texture": "#1", "tintindex": 0},
				"down": {"uv": [2.25, 0, 1.5, 0.75], "texture": "#1", "tintindex": 0}
			}
		},
		{
			"name": "Leather1",
			"from": [-4, 7, 9.5],
			"to": [-1, 21, 9.5],
			"rotation": {"angle": 22.5, "axis": "x", "origin": [2, 19, 9.5]},
			"faces": {
				"north": {"uv": [15.25, 3.5, 16, 7], "texture": "#1", "tintindex": 0},
				"east": {"uv": [0, 0, 0, 0], "texture": "#1", "tintindex": 0},
				"south": {"uv": [16, 3.5, 15.25, 7], "texture": "#1", "tintindex": 0},
				"west": {"uv": [0, 0, 0, 0], "texture": "#1", "tintindex": 0},
				"up": {"uv": [0, 0, 0, 0], "texture": "#1", "tintindex": 0},
				"down": {"uv": [0, 0, 0, 0], "texture": "#1", "tintindex": 0}
			}
		},
		{
			"name": "Arm0",
			"from": [14, 7, 8],
			"to": [17, 21, 11],
			"rotation": {"angle": 0, "axis": "y", "origin": [14, 19, 9.5]},
			"faces": {
				"north": {"uv": [6.75, 0.75, 7.5, 4.25], "texture": "#1", "tintindex": 0},
				"east": {"uv": [6, 0.75, 6.75, 4.25], "texture": "#1", "tintindex": 0},
				"south": {"uv": [8.25, 0.75, 9, 4.25], "texture": "#1", "tintindex": 0},
				"west": {"uv": [7.5, 0.75, 8.25, 4.25], "texture": "#1", "tintindex": 0},
				"up": {"uv": [6.75, 0, 7.5, 0.75], "rotation": 180, "texture": "#1", "tintindex": 0},
				"down": {"uv": [7.5, 0, 8.25, 0.75], "texture": "#1", "tintindex": 0}
			}
		},
		{
			"name": "Leather0",
			"from": [17, 7, 9.5],
			"to": [20, 21, 9.5],
			"rotation": {"angle": 0, "axis": "y", "origin": [14, 19, 9.5]},
			"faces": {
				"north": {"uv": [14.5, 0, 15.25, 3.5], "texture": "#1", "tintindex": 0},
				"east": {"uv": [0, 0, 0, 0], "texture": "#1", "tintindex": 0},
				"south": {"uv": [15.25, 0, 14.5, 3.5], "texture": "#1", "tintindex": 0},
				"west": {"uv": [0, 0, 0, 0], "texture": "#1", "tintindex": 0},
				"up": {"uv": [0, 0, 0, 0], "texture": "#1", "tintindex": 0},
				"down": {"uv": [0, 0, 0, 0], "texture": "#1", "tintindex": 0}
			}
		},
		{
			"name": "Arm1",
			"from": [-1, 7, 8],
			"to": [2, 21, 11],
			"rotation": {"angle": 0, "axis": "y", "origin": [2, 19, 9.5]},
			"faces": {
				"north": {"uv": [7.5, 0.75, 6.75, 4.25], "texture": "#1", "tintindex": 0},
				"east": {"uv": [8.25, 0.75, 7.5, 4.25], "texture": "#1", "tintindex": 0},
				"south": {"uv": [9, 0.75, 8.25, 4.25], "texture": "#1", "tintindex": 0},
				"west": {"uv": [6.75, 0.75, 6, 4.25], "texture": "#1", "tintindex": 0},
				"up": {"uv": [7.5, 0, 6.75, 0.75], "rotation": 180, "texture": "#1", "tintindex": 0},
				"down": {"uv": [8.25, 0, 7.5, 0.75], "texture": "#1", "tintindex": 0}
			}
		},
		{
			"name": "Leather1",
			"from": [-4, 7, 9.5],
			"to": [-1, 21, 9.5],
			"rotation": {"angle": 0, "axis": "y", "origin": [2, 19, 9.5]},
			"faces": {
				"north": {"uv": [14.5, 3.5, 15.25, 7], "texture": "#1", "tintindex": 0},
				"east": {"uv": [0, 0, 0, 0], "texture": "#1", "tintindex": 0},
				"south": {"uv": [15.25, 3.5, 14.5, 7], "texture": "#1", "tintindex": 0},
				"west": {"uv": [0, 0, 0, 0], "texture": "#1", "tintindex": 0},
				"up": {"uv": [0, 0, 0, 0], "texture": "#1", "tintindex": 0},
				"down": {"uv": [0, 0, 0, 0], "texture": "#1", "tintindex": 0}
			}
		},
		{
			"name": "Arm0",
			"from": [14, 7, 8],
			"to": [17, 21, 11],
			"rotation": {"angle": 22.5, "axis": "x", "origin": [14, 19, 9.5]},
			"faces": {
				"north": {"uv": [0.75, 5, 1.5, 8.5], "texture": "#1", "tintindex": 0},
				"east": {"uv": [0, 5, 0.75, 8.5], "texture": "#1", "tintindex": 0},
				"south": {"uv": [2.25, 5, 3, 8.5], "texture": "#1", "tintindex": 0},
				"west": {"uv": [1.5, 5, 2.25, 8.5], "texture": "#1", "tintindex": 0},
				"up": {"uv": [0.75, 4.25, 1.5, 5], "rotation": 180, "texture": "#1", "tintindex": 0},
				"down": {"uv": [1.5, 4.25, 2.25, 5], "texture": "#1", "tintindex": 0}
			}
		},
		{
			"name": "Leather0",
			"from": [17, 7, 9.5],
			"to": [20, 21, 9.5],
			"rotation": {"angle": 22.5, "axis": "x", "origin": [14, 19, 9.5]},
			"faces": {
				"north": {"uv": [13.75, 0, 14.5, 3.5], "texture": "#1", "tintindex": 0},
				"east": {"uv": [0, 0, 0, 0], "texture": "#1", "tintindex": 0},
				"south": {"uv": [14.5, 0, 13.75, 3.5], "texture": "#1", "tintindex": 0},
				"west": {"uv": [0, 0, 0, 0], "texture": "#1", "tintindex": 0},
				"up": {"uv": [0, 0, 0, 0], "texture": "#1", "tintindex": 0},
				"down": {"uv": [0, 0, 0, 0], "texture": "#1", "tintindex": 0}
			}
		},
		{
			"name": "Arm1",
			"from": [-1, 7, 8],
			"to": [2, 21, 11],
			"rotation": {"angle": -22.5, "axis": "x", "origin": [2, 19, 9.5]},
			"faces": {
				"north": {"uv": [1.5, 5, 0.75, 8.5], "texture": "#1", "tintindex": 0},
				"east": {"uv": [2.25, 5, 1.5, 8.5], "texture": "#1", "tintindex": 0},
				"south": {"uv": [3, 5, 2.25, 8.5], "texture": "#1", "tintindex": 0},
				"west": {"uv": [0.75, 5, 0, 8.5], "texture": "#1", "tintindex": 0},
				"up": {"uv": [1.5, 4.25, 0.75, 5], "rotation": 180, "texture": "#1", "tintindex": 0},
				"down": {"uv": [2.25, 4.25, 1.5, 5], "texture": "#1", "tintindex": 0}
			}
		},
		{
			"name": "Leather1",
			"from": [-4, 7, 9.5],
			"to": [-1, 21, 9.5],
			"rotation": {"angle": -22.5, "axis": "x", "origin": [2, 19, 9.5]},
			"faces": {
				"north": {"uv": [13.75, 3.5, 14.5, 7], "texture": "#1", "tintindex": 0},
				"east": {"uv": [0, 0, 0, 0], "texture": "#1", "tintindex": 0},
				"south": {"uv": [14.5, 3.5, 13.75, 7], "texture": "#1", "tintindex": 0},
				"west": {"uv": [0, 0, 0, 0], "texture": "#1", "tintindex": 0},
				"up": {"uv": [0, 0, 0, 0], "texture": "#1", "tintindex": 0},
				"down": {"uv": [0, 0, 0, 0], "texture": "#1", "tintindex": 0}
			}
		},
		{
			"name": "Leg0",
			"from": [9, -5, 8],
			"to": [12, 7, 11],
			"rotation": {"angle": 22.5, "axis": "x", "origin": [10.5, 7, 9.5]},
			"faces": {
				"north": {"uv": [3.75, 0.75, 4.5, 3.75], "texture": "#1", "tintindex": 0},
				"east": {"uv": [3, 0.75, 3.75, 3.75], "texture": "#1", "tintindex": 0},
				"south": {"uv": [5.25, 0.75, 6, 3.75], "texture": "#1", "tintindex": 0},
				"west": {"uv": [4.5, 0.75, 5.25, 3.75], "texture": "#1", "tintindex": 0},
				"up": {"uv": [3.75, 0, 4.5, 0.75], "rotation": 180, "texture": "#1", "tintindex": 0},
				"down": {"uv": [4.5, 0, 5.25, 0.75], "texture": "#1", "tintindex": 0}
			}
		},
		{
			"name": "Leather0",
			"from": [12, -5, 9.5],
			"to": [15, 7, 9.5],
			"rotation": {"angle": 22.5, "axis": "x", "origin": [10.5, 7, 9.5]},
			"faces": {
				"north": {"uv": [15.25, 7, 16, 10], "texture": "#1", "tintindex": 0},
				"east": {"uv": [0, 0, 0, 0], "texture": "#1", "tintindex": 0},
				"south": {"uv": [16, 7, 15.25, 10], "texture": "#1", "tintindex": 0},
				"west": {"uv": [0, 0, 0, 0], "texture": "#1", "tintindex": 0},
				"up": {"uv": [0, 0, 0, 0], "texture": "#1", "tintindex": 0},
				"down": {"uv": [0, 0, 0, 0], "texture": "#1", "tintindex": 0}
			}
		},
		{
			"name": "Leg1",
			"from": [4, -5, 8],
			"to": [7, 7, 11],
			"rotation": {"angle": -22.5, "axis": "x", "origin": [5.5, 7, 9.5]},
			"faces": {
				"north": {"uv": [4.5, 0.75, 3.75, 3.75], "texture": "#1", "tintindex": 0},
				"east": {"uv": [5.25, 0.75, 4.5, 3.75], "texture": "#1", "tintindex": 0},
				"south": {"uv": [6, 0.75, 5.25, 3.75], "texture": "#1", "tintindex": 0},
				"west": {"uv": [3.75, 0.75, 3, 3.75], "texture": "#1", "tintindex": 0},
				"up": {"uv": [4.5, 0, 3.75, 0.75], "rotation": 180, "texture": "#1", "tintindex": 0},
				"down": {"uv": [5.25, 0, 4.5, 0.75], "texture": "#1", "tintindex": 0}
			}
		},
		{
			"name": "Leather1",
			"from": [1, -5, 9.5],
			"to": [4, 7, 9.5],
			"rotation": {"angle": -22.5, "axis": "x", "origin": [5.5, 7, 9.5]},
			"faces": {
				"north": {"uv": [15.25, 10, 16, 13], "texture": "#1", "tintindex": 0},
				"east": {"uv": [0, 0, 0, 0], "texture": "#1", "tintindex": 0},
				"south": {"uv": [16, 10, 15.25, 13], "texture": "#1", "tintindex": 0},
				"west": {"uv": [0, 0, 0, 0], "texture": "#1", "tintindex": 0},
				"up": {"uv": [0, 0, 0, 0], "texture": "#1", "tintindex": 0},
				"down": {"uv": [0, 0, 0, 0], "texture": "#1", "tintindex": 0}
			}
		},
		{
			"name": "Leg0",
			"from": [9, -5, 8],
			"to": [12, 7, 11],
			"rotation": {"angle": 0, "axis": "y", "origin": [10.5, 7, 9.5]},
			"faces": {
				"north": {"uv": [9.75, 0.75, 10.5, 3.75], "texture": "#1", "tintindex": 0},
				"east": {"uv": [9, 0.75, 9.75, 3.75], "texture": "#1", "tintindex": 0},
				"south": {"uv": [11.25, 0.75, 12, 3.75], "texture": "#1", "tintindex": 0},
				"west": {"uv": [10.5, 0.75, 11.25, 3.75], "texture": "#1", "tintindex": 0},
				"up": {"uv": [9.75, 0, 10.5, 0.75], "rotation": 180, "texture": "#1", "tintindex": 0},
				"down": {"uv": [10.5, 0, 11.25, 0.75], "texture": "#1", "tintindex": 0}
			}
		},
		{
			"name": "Leather0",
			"from": [12, -5, 9.5],
			"to": [15, 7, 9.5],
			"rotation": {"angle": 0, "axis": "y", "origin": [10.5, 7, 9.5]},
			"faces": {
				"north": {"uv": [14.5, 7, 15.25, 10], "texture": "#1", "tintindex": 0},
				"east": {"uv": [0, 0, 0, 0], "texture": "#1", "tintindex": 0},
				"south": {"uv": [15.25, 7, 14.5, 10], "texture": "#1", "tintindex": 0},
				"west": {"uv": [0, 0, 0, 0], "texture": "#1", "tintindex": 0},
				"up": {"uv": [0, 0, 0, 0], "texture": "#1", "tintindex": 0},
				"down": {"uv": [0, 0, 0, 0], "texture": "#1", "tintindex": 0}
			}
		},
		{
			"name": "Leg1",
			"from": [4, -5, 8],
			"to": [7, 7, 11],
			"rotation": {"angle": 0, "axis": "y", "origin": [5.5, 7, 9.5]},
			"faces": {
				"north": {"uv": [10.5, 0.75, 9.75, 3.75], "texture": "#1", "tintindex": 0},
				"east": {"uv": [11.25, 0.75, 10.5, 3.75], "texture": "#1", "tintindex": 0},
				"south": {"uv": [12, 0.75, 11.25, 3.75], "texture": "#1", "tintindex": 0},
				"west": {"uv": [9.75, 0.75, 9, 3.75], "texture": "#1", "tintindex": 0},
				"up": {"uv": [10.5, 0, 9.75, 0.75], "rotation": 180, "texture": "#1", "tintindex": 0},
				"down": {"uv": [11.25, 0, 10.5, 0.75], "texture": "#1", "tintindex": 0}
			}
		},
		{
			"name": "Leather1",
			"from": [1, -5, 9.5],
			"to": [4, 7, 9.5],
			"rotation": {"angle": 0, "axis": "y", "origin": [5.5, 7, 9.5]},
			"faces": {
				"north": {"uv": [14.5, 10, 15.25, 13], "texture": "#1", "tintindex": 0},
				"east": {"uv": [0, 0, 0, 0], "texture": "#1", "tintindex": 0},
				"south": {"uv": [15.25, 10, 14.5, 13], "texture": "#1", "tintindex": 0},
				"west": {"uv": [0, 0, 0, 0], "texture": "#1", "tintindex": 0},
				"up": {"uv": [0, 0, 0, 0], "texture": "#1", "tintindex": 0},
				"down": {"uv": [0, 0, 0, 0], "texture": "#1", "tintindex": 0}
			}
		},
		{
			"name": "Leg0",
			"from": [9, -5, 8],
			"to": [12, 7, 11],
			"rotation": {"angle": -22.5, "axis": "x", "origin": [10.5, 7, 9.5]},
			"faces": {
				"north": {"uv": [3.75, 5, 4.5, 8], "texture": "#1", "tintindex": 0},
				"east": {"uv": [3, 5, 3.75, 8], "texture": "#1", "tintindex": 0},
				"south": {"uv": [5.25, 5, 6, 8], "texture": "#1", "tintindex": 0},
				"west": {"uv": [4.5, 5, 5.25, 8], "texture": "#1", "tintindex": 0},
				"up": {"uv": [3.75, 4.25, 4.5, 5], "rotation": 180, "texture": "#1", "tintindex": 0},
				"down": {"uv": [4.5, 4.25, 5.25, 5], "texture": "#1", "tintindex": 0}
			}
		},
		{
			"name": "Leather0",
			"from": [12, -5, 9.5],
			"to": [15, 7, 9.5],
			"rotation": {"angle": -22.5, "axis": "x", "origin": [10.5, 7, 9.5]},
			"faces": {
				"north": {"uv": [13.75, 7, 14.5, 10], "texture": "#1", "tintindex": 0},
				"east": {"uv": [0, 0, 0, 0], "texture": "#1", "tintindex": 0},
				"south": {"uv": [14.5, 7, 13.75, 10], "texture": "#1", "tintindex": 0},
				"west": {"uv": [0, 0, 0, 0], "texture": "#1", "tintindex": 0},
				"up": {"uv": [0, 0, 0, 0], "texture": "#1", "tintindex": 0},
				"down": {"uv": [0, 0, 0, 0], "texture": "#1", "tintindex": 0}
			}
		},
		{
			"name": "Leg1",
			"from": [4, -5, 8],
			"to": [7, 7, 11],
			"rotation": {"angle": 22.5, "axis": "x", "origin": [5.5, 7, 9.5]},
			"faces": {
				"north": {"uv": [4.5, 5, 3.75, 8], "texture": "#1", "tintindex": 0},
				"east": {"uv": [5.25, 5, 4.5, 8], "texture": "#1", "tintindex": 0},
				"south": {"uv": [6, 5, 5.25, 8], "texture": "#1", "tintindex": 0},
				"west": {"uv": [3.75, 5, 3, 8], "texture": "#1", "tintindex": 0},
				"up": {"uv": [4.5, 4.25, 3.75, 5], "rotation": 180, "texture": "#1", "tintindex": 0},
				"down": {"uv": [5.25, 4.25, 4.5, 5], "texture": "#1", "tintindex": 0}
			}
		},
		{
			"name": "Leather1",
			"from": [1, -5, 9.5],
			"to": [4, 7, 9.5],
			"rotation": {"angle": 22.5, "axis": "x", "origin": [5.5, 7, 9.5]},
			"faces": {
				"north": {"uv": [13.75, 10, 14.5, 13], "texture": "#1", "tintindex": 0},
				"east": {"uv": [0, 0, 0, 0], "texture": "#1", "tintindex": 0},
				"south": {"uv": [14.5, 10, 13.75, 13], "texture": "#1", "tintindex": 0},
				"west": {"uv": [0, 0, 0, 0], "texture": "#1", "tintindex": 0},
				"up": {"uv": [0, 0, 0, 0], "texture": "#1", "tintindex": 0},
				"down": {"uv": [0, 0, 0, 0], "texture": "#1", "tintindex": 0}
			}
		}
	],
	"display": {
		"ground": {
			"rotation": [0, -180, 0],
			"translation": [0, -4.5, -6]
		},
		"head": {
			"translation": [0, -26.75, 0],
			"scale": [1.62, 1.62, 1.62]
		}
	},
	"groups": [
		{
			"name": "Head",
			"origin": [8, 3, 2.5],
			"color": 0,
			"children": [
				0,
				{
					"name": "Horns",
					"origin": [8, 6, 7.25],
					"color": 0,
					"children": [1, 2, 3, 4]
				},
				5
			]
		},
		6,
		7,
		{
			"name": "Arms0",
			"origin": [2, 17, 9.5],
			"color": 0,
			"children": [
				{
					"name": "Arm0",
					"origin": [8, 8, 8],
					"color": 0,
					"children": [8, 9]
				},
				{
					"name": "Arm1",
					"origin": [8, 8, 8],
					"color": 0,
					"children": [10, 11]
				}
			]
		},
		{
			"name": "Arms1",
			"origin": [2, 17, 9.5],
			"color": 0,
			"children": [
				{
					"name": "Arm0",
					"origin": [8, 8, 8],
					"color": 0,
					"children": [12, 13]
				},
				{
					"name": "Arm1",
					"origin": [8, 8, 8],
					"color": 0,
					"children": [14, 15]
				}
			]
		},
		{
			"name": "Arms2",
			"origin": [2, 17, 9.5],
			"color": 0,
			"children": [
				{
					"name": "Arm0",
					"origin": [8, 8, 8],
					"color": 0,
					"children": [16, 17]
				},
				{
					"name": "Arm1",
					"origin": [8, 8, 8],
					"color": 0,
					"children": [18, 19]
				}
			]
		},
		{
			"name": "Legs0",
			"origin": [2, 17, 9.5],
			"color": 0,
			"children": [
				{
					"name": "Leg0",
					"origin": [8, 8, 8],
					"color": 0,
					"children": [20, 21]
				},
				{
					"name": "Leg1",
					"origin": [8, 8, 8],
					"color": 0,
					"children": [22, 23]
				}
			]
		},
		{
			"name": "Legs1",
			"origin": [2, 17, 9.5],
			"color": 0,
			"children": [
				{
					"name": "Leg0",
					"origin": [8, 8, 8],
					"color": 0,
					"children": [24, 25]
				},
				{
					"name": "Leg1",
					"origin": [8, 8, 8],
					"color": 0,
					"children": [26, 27]
				}
			]
		},
		{
			"name": "Legs2",
			"origin": [2, 17, 9.5],
			"color": 0,
			"children": [
				{
					"name": "Leg0",
					"origin": [8, 8, 8],
					"color": 0,
					"children": [28, 29]
				},
				{
					"name": "Leg1",
					"origin": [8, 8, 8],
					"color": 0,
					"children": [30, 31]
				}
			]
		}
	]
}