{
	"credit": "Made with Blockbench",
	"texture_size": [64, 64],
	"textures": {
		"0": "sanguine:entity/butcher/butcher",
		"particle": "sanguine:entity/butcher/butcher"
	},
	"elements": [
		{
			"name": "Skull",
			"from": [4, 11, -4],
			"to": [12, 17, 1],
			"rotation": {"angle": -22.5, "axis": "x", "origin": [8, 11, -3]},
			"faces": {
				"north": {"uv": [1.25, 1.25, 3.25, 2.75], "texture": "#0", "tintindex": 0},
				"east": {"uv": [0, 1.25, 1.25, 2.75], "texture": "#0", "tintindex": 0},
				"south": {"uv": [4.5, 1.25, 6.5, 2.75], "texture": "#0", "tintindex": 0},
				"west": {"uv": [3.25, 1.25, 4.5, 2.75], "texture": "#0", "tintindex": 0},
				"up": {"uv": [1.25, 0, 3.25, 1.25], "rotation": 180, "texture": "#0", "tintindex": 0},
				"down": {"uv": [3.25, 0, 5.25, 1.25], "texture": "#0", "tintindex": 0}
			}
		},
		{
			"name": "HornA0",
			"from": [12, 15, -4],
			"to": [15, 17, -2],
			"rotation": {"angle": -22.5, "axis": "x", "origin": [8, 11, -3]},
			"faces": {
				"north": {"uv": [5.75, 0.5, 6.5, 1], "texture": "#0", "tintindex": 0},
				"east": {"uv": [5.25, 0.5, 5.75, 1], "texture": "#0", "tintindex": 0},
				"south": {"uv": [7, 0.5, 7.75, 1], "texture": "#0", "tintindex": 0},
				"west": {"uv": [6.5, 0.5, 7, 1], "texture": "#0", "tintindex": 0},
				"up": {"uv": [5.75, 0, 6.5, 0.5], "rotation": 180, "texture": "#0", "tintindex": 0},
				"down": {"uv": [6.5, 0, 7.25, 0.5], "texture": "#0", "tintindex": 0}
			}
		},
		{
			"name": "HornB0",
			"from": [15, 15, -4],
			"to": [16, 20, -2],
			"rotation": {"angle": -22.5, "axis": "x", "origin": [8, 11, -3]},
			"faces": {
				"north": {"uv": [8.25, 0.5, 8.5, 1.75], "texture": "#0", "tintindex": 0},
				"east": {"uv": [7.75, 0.5, 8.25, 1.75], "texture": "#0", "tintindex": 0},
				"south": {"uv": [9, 0.5, 9.25, 1.75], "texture": "#0", "tintindex": 0},
				"west": {"uv": [8.5, 0.5, 9, 1.75], "texture": "#0", "tintindex": 0},
				"up": {"uv": [8.25, 0, 8.5, 0.5], "rotation": 180, "texture": "#0", "tintindex": 0},
				"down": {"uv": [8.5, 0, 8.75, 0.5], "texture": "#0", "tintindex": 0}
			}
		},
		{
			"name": "Nose Skull",
			"from": [6, 5, -4],
			"to": [10, 11, 0],
			"rotation": {"angle": -22.5, "axis": "x", "origin": [8, 11, -3]},
			"faces": {
				"north": {"uv": [1, 3.75, 2, 5.25], "texture": "#0", "tintindex": 0},
				"east": {"uv": [0, 3.75, 1, 5.25], "texture": "#0", "tintindex": 0},
				"south": {"uv": [3, 3.75, 4, 5.25], "texture": "#0", "tintindex": 0},
				"west": {"uv": [2, 3.75, 3, 5.25], "texture": "#0", "tintindex": 0},
				"up": {"uv": [1, 2.75, 2, 3.75], "rotation": 180, "texture": "#0", "tintindex": 0},
				"down": {"uv": [2, 2.75, 3, 3.75], "texture": "#0", "tintindex": 0}
			}
		},
		{
			"name": "Torso",
			"from": [2, 6.5, -0.5],
			"to": [14, 11.5, 9.5],
			"rotation": {"angle": 22.5, "axis": "x", "origin": [8, 9, 9.5]},
			"faces": {
				"north": {"uv": [1.25, 5.25, 4.25, 6.5], "texture": "#0", "tintindex": 0},
				"east": {"uv": [0, 6.5, 1.25, 9], "rotation": 90, "texture": "#0", "tintindex": 0},
				"south": {"uv": [4.25, 5.25, 7.25, 6.5], "texture": "#0", "tintindex": 0},
				"west": {"uv": [4.25, 6.5, 5.5, 9], "rotation": 270, "texture": "#0", "tintindex": 0},
				"up": {"uv": [5.5, 6.5, 8.5, 9], "texture": "#0", "tintindex": 0},
				"down": {"uv": [1.25, 6.5, 4.25, 9], "rotation": 180, "texture": "#0", "tintindex": 0}
			}
		},
		{
			"name": "Hip",
			"from": [4, 5, 8],
			"to": [12, 9, 11],
			"rotation": {"angle": -45, "axis": "x", "origin": [8, 9, 9.5]},
			"faces": {
				"north": {"uv": [0.75, 9.75, 2.75, 10.75], "texture": "#0", "tintindex": 0},
				"east": {"uv": [0, 9.75, 0.75, 10.75], "texture": "#0", "tintindex": 0},
				"south": {"uv": [3.5, 9.75, 5.5, 10.75], "texture": "#0", "tintindex": 0},
				"west": {"uv": [2.75, 9.75, 3.5, 10.75], "texture": "#0", "tintindex": 0},
				"up": {"uv": [0.75, 9, 2.75, 9.75], "rotation": 180, "texture": "#0", "tintindex": 0},
				"down": {"uv": [2.75, 9, 4.75, 9.75], "texture": "#0", "tintindex": 0}
			}
		},
		{
			"name": "Arm0",
			"from": [14, -4, 1],
			"to": [17, 10, 4],
			"rotation": {"angle": 22.5, "axis": "x", "origin": [14, 8, 2.5]},
			"faces": {
				"north": {"uv": [0.75, 11.5, 1.5, 15], "texture": "#0", "tintindex": 0},
				"east": {"uv": [0, 11.5, 0.75, 15], "texture": "#0", "tintindex": 0},
				"south": {"uv": [2.25, 11.5, 3, 15], "texture": "#0", "tintindex": 0},
				"west": {"uv": [1.5, 11.5, 2.25, 15], "texture": "#0", "tintindex": 0},
				"up": {"uv": [0.75, 10.75, 1.5, 11.5], "rotation": 180, "texture": "#0", "tintindex": 0},
				"down": {"uv": [1.5, 10.75, 2.25, 11.5], "texture": "#0", "tintindex": 0}
			}
		},
		{
			"name": "Leather0",
			"from": [17, -4, 2.5],
			"to": [20, 10, 2.5],
			"rotation": {"angle": 22.5, "axis": "x", "origin": [14, 8, 2.5]},
			"faces": {
				"north": {"uv": [15.25, 0, 16, 3.5], "texture": "#0", "tintindex": 0},
				"south": {"uv": [16, 0, 15.25, 3.5], "texture": "#0", "tintindex": 0}
			}
		},
		{
			"name": "Arm1",
			"from": [-1, -4, 1],
			"to": [2, 10, 4],
			"rotation": {"angle": 22.5, "axis": "x", "origin": [2, 8, 2.5]},
			"faces": {
				"north": {"uv": [1.5, 11.5, 0.75, 15], "texture": "#0", "tintindex": 0},
				"east": {"uv": [2.25, 11.5, 1.5, 15], "texture": "#0", "tintindex": 0},
				"south": {"uv": [3, 11.5, 2.25, 15], "texture": "#0", "tintindex": 0},
				"west": {"uv": [0.75, 11.5, 0, 15], "texture": "#0", "tintindex": 0},
				"up": {"uv": [1.5, 10.75, 0.75, 11.5], "rotation": 180, "texture": "#0", "tintindex": 0},
				"down": {"uv": [2.25, 10.75, 1.5, 11.5], "texture": "#0", "tintindex": 0}
			}
		},
		{
			"name": "Leather1",
			"from": [-4, -4, 2.5],
			"to": [-1, 10, 2.5],
			"rotation": {"angle": 22.5, "axis": "x", "origin": [2, 8, 2.5]},
			"faces": {
				"north": {"uv": [15.25, 3.5, 16, 7], "texture": "#0", "tintindex": 0},
				"south": {"uv": [16, 3.5, 15.25, 7], "texture": "#0", "tintindex": 0}
			}
		},
		{
			"name": "Leg0",
			"from": [9.1, -4, 10],
			"to": [12.1, 8, 13],
			"rotation": {"angle": -22.5, "axis": "x", "origin": [10.6, 8, 11.5]},
			"faces": {
				"north": {"uv": [3.75, 11.5, 4.5, 14.5], "texture": "#0", "tintindex": 0},
				"east": {"uv": [3, 11.5, 3.75, 14.5], "texture": "#0", "tintindex": 0},
				"south": {"uv": [5.25, 11.5, 6, 14.5], "texture": "#0", "tintindex": 0},
				"west": {"uv": [4.5, 11.5, 5.25, 14.5], "texture": "#0", "tintindex": 0},
				"up": {"uv": [3.75, 10.75, 4.5, 11.5], "rotation": 180, "texture": "#0", "tintindex": 0},
				"down": {"uv": [4.5, 10.75, 5.25, 11.5], "texture": "#0", "tintindex": 0}
			}
		},
		{
			"name": "Leather0",
			"from": [12.1, -4, 11.5],
			"to": [15.1, 8, 11.5],
			"rotation": {"angle": -22.5, "axis": "x", "origin": [10.6, 8, 11.5]},
			"faces": {
				"north": {"uv": [15.25, 7, 16, 10], "texture": "#0", "tintindex": 0},
				"south": {"uv": [16, 7, 15.25, 10], "texture": "#0", "tintindex": 0}
			}
		},
		{
			"name": "Leg1",
			"from": [3.9, -4, 10],
			"to": [6.9, 8, 13],
			"rotation": {"angle": -22.5, "axis": "x", "origin": [10.6, 8, 11.5]},
			"faces": {
				"north": {"uv": [4.5, 11.5, 3.75, 14.5], "texture": "#0", "tintindex": 0},
				"east": {"uv": [5.25, 11.5, 4.5, 14.5], "texture": "#0", "tintindex": 0},
				"south": {"uv": [6, 11.5, 5.25, 14.5], "texture": "#0", "tintindex": 0},
				"west": {"uv": [3.75, 11.5, 3, 14.5], "texture": "#0", "tintindex": 0},
				"up": {"uv": [4.5, 10.75, 3.75, 11.5], "rotation": 180, "texture": "#0", "tintindex": 0},
				"down": {"uv": [5.25, 10.75, 4.5, 11.5], "texture": "#0", "tintindex": 0}
			}
		},
		{
			"name": "Leather1",
			"from": [0.9, -4, 11.5],
			"to": [3.9, 8, 11.5],
			"rotation": {"angle": -22.5, "axis": "x", "origin": [10.6, 8, 11.5]},
			"faces": {
				"north": {"uv": [15.25, 10, 16, 13], "texture": "#0", "tintindex": 0},
				"south": {"uv": [16, 10, 15.25, 13], "texture": "#0", "tintindex": 0}
			}
		}
	],
	"display": {
		"ground": {
			"rotation": [0, -180, 0],
			"translation": [0, -4.5, -6]
		},
		"head": {
			"translation": [0, -26.75, 0],
			"scale": [1.62, 1.62, 1.62]
		}
	},
	"groups": [
		{
			"name": "Head",
			"origin": [8, 3, 2.5],
			"color": 0,
			"children": [
				0,
				{
					"name": "Horns",
					"origin": [8, 6, 7.25],
					"color": 0,
					"children": [1, 2]
				},
				3
			]
		},
		4,
		5,
		{
			"name": "Arms",
			"origin": [2, 17, 9.5],
			"color": 0,
			"children": [
				{
					"name": "Arm0",
					"origin": [8, 8, 8],
					"color": 0,
					"children": [6, 7]
				},
				{
					"name": "Arm1",
					"origin": [8, 8, 8],
					"color": 0,
					"children": [8, 9]
				}
			]
		},
		{
			"name": "Legs",
			"origin": [2, 17, 9.5],
			"color": 0,
			"children": [
				{
					"name": "Leg0",
					"origin": [8, 8, 8],
					"color": 0,
					"children": [10, 11]
				},
				{
					"name": "Leg1",
					"origin": [8, 8, 8],
					"color": 0,
					"children": [12, 13]
				}
			]
		}
	]
}