{
	"credit": "Made with Blockbench, Modeler: ElBones",
	"texture_size": [64, 64],
	"textures": {
		"0": "manic:entity/spook",
		"particle": "manic:entity/spook"
	},
	"elements": [
		{
			"name": "Head",
			"from": [4.5, 15, -2],
			"to": [11.5, 19, 6],
			"rotation": {"angle": 0, "axis": "x", "origin": [8, 15, 6]},
			"faces": {
				"north": {"uv": [1.75, 1.75, 3.5, 2.75], "texture": "#0", "tintindex": 0},
				"east": {"uv": [0, 1.75, 1.75, 2.75], "texture": "#0", "tintindex": 0},
				"south": {"uv": [5.25, 1.75, 7, 2.75], "texture": "#0", "tintindex": 0},
				"west": {"uv": [3.5, 1.75, 5.25, 2.75], "texture": "#0", "tintindex": 0},
				"up": {"uv": [1.75, 0, 3.5, 1.75], "rotation": 180, "texture": "#0", "tintindex": 0},
				"down": {"uv": [3.5, 0, 5.25, 1.75], "texture": "#0", "tintindex": 0}
			}
		},
		{
			"name": "Upper Teeth",
			"from": [4.5, 14, -2],
			"to": [11.5, 15, -2],
			"rotation": {"angle": 0, "axis": "x", "origin": [8, 15, 6]},
			"faces": {
				"north": {"uv": [9.75, 0, 11.5, 0.25], "texture": "#0", "tintindex": 0},
				"south": {"uv": [11.5, 0, 9.75, 0.25], "texture": "#0", "tintindex": 0}
			}
		},
		{
			"name": "Jaw",
			"from": [4.5, 13, -2],
			"to": [11.5, 15, 5],
			"rotation": {"angle": -22.5, "axis": "x", "origin": [8, 15, 5]},
			"faces": {
				"north": {"uv": [1.5, 4.25, 3.25, 4.75], "texture": "#0", "tintindex": 0},
				"east": {"uv": [0, 4.25, 1.5, 4.75], "texture": "#0", "tintindex": 0},
				"south": {"uv": [4.75, 4.25, 6.5, 4.75], "texture": "#0", "tintindex": 0},
				"west": {"uv": [3.25, 4.25, 4.75, 4.75], "texture": "#0", "tintindex": 0},
				"up": {"uv": [1.5, 2.75, 3.25, 4.25], "texture": "#0", "tintindex": 0},
				"down": {"uv": [3.25, 2.75, 5, 4.25], "texture": "#0", "tintindex": 0}
			}
		},
		{
			"name": "Lower Teeth",
			"from": [4.5, 15, -2],
			"to": [11.5, 16, -2],
			"rotation": {"angle": -22.5, "axis": "x", "origin": [8, 15, 5]},
			"faces": {
				"north": {"uv": [9.75, 0, 11.5, 0.25], "texture": "#0", "tintindex": 0},
				"south": {"uv": [11.5, 0, 9.75, 0.25], "texture": "#0", "tintindex": 0}
			}
		},
		{
			"name": "Tongue",
			"from": [6, 15.1, -3],
			"to": [10, 15.1, 4],
			"rotation": {"angle": -22.5, "axis": "x", "origin": [8.5, 15.1, 4]},
			"faces": {
				"up": {"uv": [1, 12.25, 0, 10.5], "texture": "#0", "tintindex": 0},
				"down": {"uv": [0, 10.5, 1, 12.25], "texture": "#0", "tintindex": 0}
			}
		},
		{
			"name": "Tongue Drop",
			"from": [6, 11.1, -3],
			"to": [10, 15.1, -3],
			"rotation": {"angle": -22.5, "axis": "x", "origin": [8.5, 15.1, 4]},
			"faces": {
				"north": {"uv": [0, 12.25, 1, 13.25], "texture": "#0", "tintindex": 0},
				"south": {"uv": [1, 12.25, 0, 13.25], "texture": "#0", "tintindex": 0}
			}
		},
		{
			"name": "Torso",
			"from": [3.5, 13, 5],
			"to": [12.5, 16, 14],
			"rotation": {"angle": 22.5, "axis": "x", "origin": [8, 14.5, 4.5]},
			"faces": {
				"north": {"uv": [3, 5.5, 0.75, 4.75], "rotation": 180, "texture": "#0", "tintindex": 0},
				"east": {"uv": [0.75, 7.75, 0, 5.5], "rotation": 270, "texture": "#0", "tintindex": 0},
				"south": {"uv": [5.25, 5.5, 3, 4.75], "rotation": 180, "texture": "#0", "tintindex": 0},
				"west": {"uv": [3.75, 7.75, 3, 5.5], "rotation": 90, "texture": "#0", "tintindex": 0},
				"up": {"uv": [6, 7.75, 3.75, 5.5], "rotation": 180, "texture": "#0", "tintindex": 0},
				"down": {"uv": [3, 7.75, 0.75, 5.5], "texture": "#0", "tintindex": 0}
			}
		},
		{
			"name": "Tatters",
			"from": [4.5, 3.25, 11],
			"to": [11.5, 12.25, 14],
			"rotation": {"angle": -22.5, "axis": "x", "origin": [8, 12.25, 14]},
			"faces": {
				"north": {"uv": [2.75, 10.25, 1, 8], "rotation": 180, "texture": "#0", "tintindex": 0},
				"east": {"uv": [1, 10.25, 0.25, 8], "rotation": 180, "texture": "#0", "tintindex": 0},
				"south": {"uv": [5.25, 10.25, 3.5, 8], "rotation": 180, "texture": "#0", "tintindex": 0},
				"west": {"uv": [3.5, 10.25, 2.75, 8], "rotation": 180, "texture": "#0", "tintindex": 0}
			}
		},
		{
			"name": "Tatters inverted",
			"from": [11.5, 12.25, 14],
			"to": [4.5, 3.25, 11],
			"rotation": {"angle": -22.5, "axis": "x", "origin": [8, 12.25, 14]},
			"faces": {
				"north": {"uv": [3.5, 10.25, 5.25, 8], "texture": "#0", "tintindex": 0},
				"east": {"uv": [2.75, 10.25, 3.5, 8], "texture": "#0", "tintindex": 0},
				"south": {"uv": [1, 10.25, 2.75, 8], "texture": "#0", "tintindex": 0},
				"west": {"uv": [0.25, 10.25, 1, 8], "texture": "#0", "tintindex": 0}
			}
		},
		{
			"name": "Arm0",
			"from": [11, -1, 5],
			"to": [14, 13, 8],
			"rotation": {"angle": 22.5, "axis": "z", "origin": [11, 13, 6]},
			"faces": {
				"north": {"uv": [7.75, 0.75, 8.5, 4.25], "texture": "#0", "tintindex": 0},
				"east": {"uv": [7, 0.75, 7.75, 4.25], "texture": "#0", "tintindex": 0},
				"south": {"uv": [9.25, 0.75, 10, 4.25], "texture": "#0", "tintindex": 0},
				"west": {"uv": [8.5, 0.75, 9.25, 4.25], "texture": "#0", "tintindex": 0},
				"up": {"uv": [7.75, 0, 8.5, 0.75], "rotation": 180, "texture": "#0", "tintindex": 0},
				"down": {"uv": [8.5, 0, 9.25, 0.75], "texture": "#0", "tintindex": 0}
			}
		},
		{
			"name": "Arm1",
			"from": [2, -1, 5],
			"to": [5, 13, 8],
			"rotation": {"angle": -22.5, "axis": "z", "origin": [5, 13, 6]},
			"faces": {
				"north": {"uv": [8.5, 0.75, 7.75, 4.25], "texture": "#0", "tintindex": 0},
				"east": {"uv": [9.25, 0.75, 8.5, 4.25], "texture": "#0", "tintindex": 0},
				"south": {"uv": [10, 0.75, 9.25, 4.25], "texture": "#0", "tintindex": 0},
				"west": {"uv": [7.75, 0.75, 7, 4.25], "texture": "#0", "tintindex": 0},
				"up": {"uv": [8.5, 0, 7.75, 0.75], "rotation": 180, "texture": "#0", "tintindex": 0},
				"down": {"uv": [9.25, 0, 8.5, 0.75], "texture": "#0", "tintindex": 0}
			}
		}
	],
	"display": {
		"head": {
			"translation": [0, -32.5, 0],
			"scale": [1.65, 1.65, 1.65]
		}
	},
	"groups": [
		{
			"name": "Head",
			"origin": [8, 15, 6],
			"color": 0,
			"children": [
				0,
				1,
				{
					"name": "Jaw",
					"origin": [8, 15, 5],
					"color": 0,
					"children": [
						2,
						3,
						{
							"name": "Tongue",
							"origin": [8.5, 15.1, 3],
							"color": 0,
							"children": [4, 5]
						}
					]
				}
			]
		},
		{
			"name": "Torso",
			"origin": [-8, -12.25, -14],
			"color": 0,
			"children": [
				6,
				{
					"name": "Tatters",
					"origin": [-8, -12.25, -14],
					"color": 0,
					"children": [7, 8]
				}
			]
		},
		{
			"name": "Arms",
			"origin": [5, 13, 6],
			"color": 0,
			"children": [9, 10]
		}
	]
}