{
  "parent": "minecraft:block/barrel",
  "overrides": [
    {
      "predicate": {
        "custom_model_data": 330000
      },
      "model": "tcc:block/jewelry_table/north_south"
    },
    {
      "predicate": {
        "custom_model_data": 330001
      },
      "model": "tcc:block/jewelry_table/east_west"
    },
    {
      "predicate": {
        "custom_model_data": 8361000
      },
      "model": "sanguine:block/credence"
    },
    {
      "predicate": {
        "custom_model_data": 8361000
      },
      "model": "sanguine:block/credence"
    }
  ]
}