{
  "parent": "minecraft:item/generated",
  "textures": {
    "layer0": "minecraft:item/bread"
  },
  "overrides": [
    {
      "predicate": {
        "custom_model_data": 330000
      },
      "model": "tcc:item/ancient_acorn"
    },
    {
      "predicate": {
        "custom_model_data": 330001
      },
      "model": "tcc:item/sweet_berry_muffin"
    },
    {
      "predicate": {
        "custom_model_data": 330002
      },
      "model": "tcc:item/apple_pie"
    },
    {
      "predicate": {
        "custom_model_data": 330003
      },
      "model": "tcc:item/nibbled_apple_pie"
    },
    {
      "predicate": {
        "custom_model_data": 330004
      },
      "model": "tcc:item/apple_pie_slice"
    },
    {
      "predicate": {
        "custom_model_data": 330005
      },
      "model": "tcc:item/golden_apple_pie"
    },
    {
      "predicate": {
        "custom_model_data": 330006
      },
      "model": "tcc:item/nibbled_golden_apple_pie"
    },
    {
      "predicate": {
        "custom_model_data": 330007
      },
      "model": "tcc:item/golden_apple_pie_slice"
    },
    {
      "predicate": {
        "custom_model_data": 330008
      },
      "model": "tcc:item/glow_berry_muffin"
    },
    {
      "predicate": {
        "custom_model_data": 8360000
      },
      "model": "manic:item/dense_cheese"
    },
    {
      "predicate": {
        "custom_model_data": 8360000
      },
      "model": "manic:item/dense_cheese"
    },
    {
      "predicate": {
        "custom_model_data": 8360001
      },
      "model": "manic:item/strong_cheese"
    },
    {
      "predicate": {
        "custom_model_data": 8360001
      },
      "model": "manic:item/strong_cheese"
    },
    {
      "predicate": {
        "custom_model_data": 8360002
      },
      "model": "manic:item/bleeding_cheese"
    },
    {
      "predicate": {
        "custom_model_data": 8360002
      },
      "model": "manic:item/bleeding_cheese"
    },
    {
      "predicate": {
        "custom_model_data": 8360003
      },
      "model": "manic:item/twisted_cheese"
    },
    {
      "predicate": {
        "custom_model_data": 8360003
      },
      "model": "manic:item/twisted_cheese"
    }
  ]
}