{
  "parent": "minecraft:item/generated",
  "textures": {
    "layer0": "minecraft:item/cookie"
  },
  "overrides": [
    {
      "predicate": {
        "custom_model_data": 330000
      },
      "model": "tcc:item/frostbloom_petals"
    },
    {
      "predicate": {
        "custom_model_data": 8360000
      },
      "model": "manic:item/pumpkin_pop"
    },
    {
      "predicate": {
        "custom_model_data": 8360000
      },
      "model": "manic:item/pumpkin_pop"
    },
    {
      "predicate": {
        "custom_model_data": 8360001
      },
      "model": "manic:item/melon_pop"
    },
    {
      "predicate": {
        "custom_model_data": 8360001
      },
      "model": "manic:item/melon_pop"
    },
    {
      "predicate": {
        "custom_model_data": 8360002
      },
      "model": "manic:item/spectre_gelatin"
    },
    {
      "predicate": {
        "custom_model_data": 8360002
      },
      "model": "manic:item/spectre_gelatin"
    }
  ]
}