{
  "parent": "item/handheld",
  "textures": {
    "layer0": "item/diamond_axe"
  },
  "overrides": [
    {
      "predicate": {
        "custom_model_data": 423000
      },
      "model": "florcraft:item/burning_fire_axe"
    },
    {
      "predicate": {
        "custom_model_data": 423000
      },
      "model": "florcraft:item/burning_fire_axe"
    },
    {
      "predicate": {
        "custom_model_data": 8360000
      },
      "model": "manic:item/anirrum_axe"
    },
    {
      "predicate": {
        "custom_model_data": 8360002
      },
      "model": "manic:item/haunted_steel_axe"
    }
  ]
}