{
  "parent": "block/dropper",
  "overrides": [
    {
      "predicate": {
        "custom_model_data": 330000
      },
      "model": "tcc:block/nether_reactor_core/off"
    },
    {
      "predicate": {
        "custom_model_data": 330001
      },
      "model": "tcc:block/nether_reactor_core/on"
    },
    {
      "predicate": {
        "custom_model_data": 330002
      },
      "model": "tcc:block/positional_anchor/empty"
    },
    {
      "predicate": {
        "custom_model_data": 330003
      },
      "model": "tcc:block/positional_anchor/filled"
    },
    {
      "predicate": {
        "custom_model_data": 330004
      },
      "model": "tcc:block/soul_seer/off"
    },
    {
      "predicate": {
        "custom_model_data": 330005
      },
      "model": "tcc:block/soul_seer/on"
    },
    {
      "predicate": {
        "custom_model_data": 330006
      },
      "model": "tcc:block/snail_nest/full"
    },
    {
      "predicate": {
        "custom_model_data": 423000
      },
      "model": "florcraft:block/natures_oculus"
    },
    {
      "predicate": {
        "custom_model_data": 423000
      },
      "model": "florcraft:block/natures_oculus"
    },
    {
      "predicate": {
        "custom_model_data": 423001
      },
      "model": "florcraft:block/infused_workbench"
    },
    {
      "predicate": {
        "custom_model_data": 423001
      },
      "model": "florcraft:block/infused_workbench"
    },
    {
      "predicate": {
        "custom_model_data": 423002
      },
      "model": "florcraft:block/pylon"
    },
    {
      "predicate": {
        "custom_model_data": 423002
      },
      "model": "florcraft:block/pylon"
    },
    {
      "predicate": {
        "custom_model_data": 423003
      },
      "model": "florcraft:block/mystical_furnace"
    },
    {
      "predicate": {
        "custom_model_data": 423003
      },
      "model": "florcraft:block/mystical_furnace"
    },
    {
      "predicate": {
        "custom_model_data": 423004
      },
      "model": "florcraft:block/mystical_furnace_lit"
    },
    {
      "predicate": {
        "custom_model_data": 423004
      },
      "model": "florcraft:block/mystical_furnace_lit"
    },
    {
      "predicate": {
        "custom_model_data": 423005
      },
      "model": "florcraft:block/runic_pylon"
    },
    {
      "predicate": {
        "custom_model_data": 423005
      },
      "model": "florcraft:block/runic_pylon"
    },
    {
      "predicate": {
        "custom_model_data": 423006
      },
      "model": "florcraft:block/arid_attuned_pylon"
    },
    {
      "predicate": {
        "custom_model_data": 423006
      },
      "model": "florcraft:block/arid_attuned_pylon"
    },
    {
      "predicate": {
        "custom_model_data": 423007
      },
      "model": "florcraft:block/aqueous_attuned_pylon"
    },
    {
      "predicate": {
        "custom_model_data": 423007
      },
      "model": "florcraft:block/aqueous_attuned_pylon"
    },
    {
      "predicate": {
        "custom_model_data": 423008
      },
      "model": "florcraft:block/verdant_attuned_pylon"
    },
    {
      "predicate": {
        "custom_model_data": 423008
      },
      "model": "florcraft:block/verdant_attuned_pylon"
    },
    {
      "predicate": {
        "custom_model_data": 423009
      },
      "model": "florcraft:block/redstone_control_matrix"
    },
    {
      "predicate": {
        "custom_model_data": 423009
      },
      "model": "florcraft:block/redstone_control_matrix"
    },
    {
      "predicate": {
        "custom_model_data": 423010
      },
      "model": "florcraft:block/reinforced_pylon"
    },
    {
      "predicate": {
        "custom_model_data": 423010
      },
      "model": "florcraft:block/reinforced_pylon"
    },
    {
      "predicate": {
        "custom_model_data": 423011
      },
      "model": "florcraft:block/redstone_resonance_matrix"
    },
    {
      "predicate": {
        "custom_model_data": 423011
      },
      "model": "florcraft:block/redstone_resonance_matrix"
    },
    {
      "predicate": {
        "custom_model_data": 423012
      },
      "model": "florcraft:block/enchanting_station"
    },
    {
      "predicate": {
        "custom_model_data": 423012
      },
      "model": "florcraft:block/enchanting_station"
    },
    {
      "predicate": {
        "custom_model_data": 423013
      },
      "model": "florcraft:block/essence_capacitor_empty"
    },
    {
      "predicate": {
        "custom_model_data": 423013
      },
      "model": "florcraft:block/essence_capacitor_empty"
    },
    {
      "predicate": {
        "custom_model_data": 423014
      },
      "model": "florcraft:block/essence_capacitor_arid_1"
    },
    {
      "predicate": {
        "custom_model_data": 423014
      },
      "model": "florcraft:block/essence_capacitor_arid_1"
    },
    {
      "predicate": {
        "custom_model_data": 423015
      },
      "model": "florcraft:block/essence_capacitor_arid_2"
    },
    {
      "predicate": {
        "custom_model_data": 423015
      },
      "model": "florcraft:block/essence_capacitor_arid_2"
    },
    {
      "predicate": {
        "custom_model_data": 423016
      },
      "model": "florcraft:block/essence_capacitor_arid_3"
    },
    {
      "predicate": {
        "custom_model_data": 423016
      },
      "model": "florcraft:block/essence_capacitor_arid_3"
    },
    {
      "predicate": {
        "custom_model_data": 423017
      },
      "model": "florcraft:block/essence_capacitor_aqueous_1"
    },
    {
      "predicate": {
        "custom_model_data": 423017
      },
      "model": "florcraft:block/essence_capacitor_aqueous_1"
    },
    {
      "predicate": {
        "custom_model_data": 423018
      },
      "model": "florcraft:block/essence_capacitor_aqueous_2"
    },
    {
      "predicate": {
        "custom_model_data": 423018
      },
      "model": "florcraft:block/essence_capacitor_aqueous_2"
    },
    {
      "predicate": {
        "custom_model_data": 423019
      },
      "model": "florcraft:block/essence_capacitor_aqueous_3"
    },
    {
      "predicate": {
        "custom_model_data": 423019
      },
      "model": "florcraft:block/essence_capacitor_aqueous_3"
    },
    {
      "predicate": {
        "custom_model_data": 423020
      },
      "model": "florcraft:block/essence_capacitor_verdant_1"
    },
    {
      "predicate": {
        "custom_model_data": 423020
      },
      "model": "florcraft:block/essence_capacitor_verdant_1"
    },
    {
      "predicate": {
        "custom_model_data": 423021
      },
      "model": "florcraft:block/essence_capacitor_verdant_2"
    },
    {
      "predicate": {
        "custom_model_data": 423021
      },
      "model": "florcraft:block/essence_capacitor_verdant_2"
    },
    {
      "predicate": {
        "custom_model_data": 423022
      },
      "model": "florcraft:block/essence_capacitor_verdant_3"
    },
    {
      "predicate": {
        "custom_model_data": 423022
      },
      "model": "florcraft:block/essence_capacitor_verdant_3"
    },
    {
      "predicate": {
        "custom_model_data": 423023
      },
      "model": "florcraft:block/reservoir_core"
    },
    {
      "predicate": {
        "custom_model_data": 423023
      },
      "model": "florcraft:block/reservoir_core"
    },
    {
      "predicate": {
        "custom_model_data": 423024
      },
      "model": "florcraft:block/transmission_beacon"
    },
    {
      "predicate": {
        "custom_model_data": 423024
      },
      "model": "florcraft:block/transmission_beacon"
    },
    {
      "predicate": {
        "custom_model_data": 423025
      },
      "model": "florcraft:block/transmission_receiver"
    },
    {
      "predicate": {
        "custom_model_data": 423025
      },
      "model": "florcraft:block/transmission_receiver"
    }
  ]
}