{
  "parent": "item/generated",
  "textures": {
    "layer0": "minecraft:item/leather_horse_armor"
  },
  "overrides": [
    {
      "predicate": {
        "custom_model_data": 330000
      },
      "model": "tcc:block/teapot/full"
    },
    {
      "predicate": {
        "custom_model_data": 8360000
      },
      "model": "manic:entity/keeper/torso"
    },
    {
      "predicate": {
        "custom_model_data": 8360000
      },
      "model": "manic:entity/keeper/torso"
    },
    {
      "predicate": {
        "custom_model_data": 8360001
      },
      "model": "manic:entity/keeper/leftarm"
    },
    {
      "predicate": {
        "custom_model_data": 8360001
      },
      "model": "manic:entity/keeper/leftarm"
    },
    {
      "predicate": {
        "custom_model_data": 8360002
      },
      "model": "manic:entity/keeper/rightarm"
    },
    {
      "predicate": {
        "custom_model_data": 8360002
      },
      "model": "manic:entity/keeper/rightarm"
    },
    {
      "predicate": {
        "custom_model_data": 8360003
      },
      "model": "manic:entity/keeper/head"
    },
    {
      "predicate": {
        "custom_model_data": 8360003
      },
      "model": "manic:entity/keeper/head"
    },
    {
      "predicate": {
        "custom_model_data": 8360004
      },
      "model": "manic:entity/keeper/jaw"
    },
    {
      "predicate": {
        "custom_model_data": 8360004
      },
      "model": "manic:entity/keeper/jaw"
    }
  ]
}