{
  "parent": "minecraft:item/generated",
  "textures": {
    "layer0": "item/leather_helmet",
    "layer1": "item/leather_helmet_overlay"
  },
  "overrides": [
    {
      "predicate": {
        "custom_model_data": 330000
      },
      "model": "tcc:item/witch_hat"
    },
    {
      "predicate": {
        "custom_model_data": 423041
      },
      "model": "florcraft:item/druidic_lauret"
    },
    {
      "predicate": {
        "custom_model_data": 423060
      },
      "model": "florcraft:item/arid_mastery_circlet"
    },
    {
      "predicate": {
        "custom_model_data": 423061
      },
      "model": "florcraft:item/aqueous_mastery_circlet"
    },
    {
      "predicate": {
        "custom_model_data": 423062
      },
      "model": "florcraft:item/verdant_mastery_circlet"
    },
    {
      "predicate": {
        "custom_model_data": 423064
      },
      "model": "florcraft:item/arid_exobiotic_helmet"
    },
    {
      "predicate": {
        "custom_model_data": 423065
      },
      "model": "florcraft:item/aqueous_exobiotic_helmet"
    },
    {
      "predicate": {
        "custom_model_data": 423066
      },
      "model": "florcraft:item/verdant_exobiotic_helmet"
    },
    {
      "predicate": {
        "custom_model_data": 423067
      },
      "model": "florcraft:item/arid_exobiotic_helmet_archmage"
    },
    {
      "predicate": {
        "custom_model_data": 423068
      },
      "model": "florcraft:item/aqueous_exobiotic_helmet_archmage"
    },
    {
      "predicate": {
        "custom_model_data": 423069
      },
      "model": "florcraft:item/verdant_exobiotic_helmet_archmage"
    },
    {
      "predicate": {
        "custom_model_data": 777989
      },
      "model": "backpack:item/big_backpack"
    },
    {
      "predicate": {
        "custom_model_data": 777989
      },
      "model": "backpack:item/big_backpack"
    },
    {
      "predicate": {
        "custom_model_data": 8360000
      },
      "model": "manic:item/anirrum_helmet"
    },
    {
      "predicate": {
        "custom_model_data": 8360001
      },
      "model": "manic:item/nethirrum_helmet"
    },
    {
      "predicate": {
        "custom_model_data": 8361000
      },
      "model": "sanguine:item/butcher_skull"
    }
  ]
}