{
  "parent": "minecraft:item/generated",
  "textures": {
    "layer0": "item/leather_chestplate",
    "layer1": "item/leather_chestplate_overlay"
  },
  "overrides": [
    {
      "predicate": {
        "custom_model_data": 423064
      },
      "model": "florcraft:item/arid_exobiotic_chestplate"
    },
    {
      "predicate": {
        "custom_model_data": 423065
      },
      "model": "florcraft:item/aqueous_exobiotic_chestplate"
    },
    {
      "predicate": {
        "custom_model_data": 423066
      },
      "model": "florcraft:item/verdant_exobiotic_chestplate"
    },
    {
      "predicate": {
        "custom_model_data": 423067
      },
      "model": "florcraft:item/arid_exobiotic_chestplate_archmage"
    },
    {
      "predicate": {
        "custom_model_data": 423068
      },
      "model": "florcraft:item/aqueous_exobiotic_chestplate_archmage"
    },
    {
      "predicate": {
        "custom_model_data": 423069
      },
      "model": "florcraft:item/verdant_exobiotic_chestplate_archmage"
    },
    {
      "predicate": {
        "custom_model_data": 777989
      },
      "model": "backpack:item/backpack"
    },
    {
      "predicate": {
        "custom_model_data": 777989
      },
      "model": "backpack:item/backpack"
    },
    {
      "predicate": {
        "custom_model_data": 8360000
      },
      "model": "manic:item/anirrum_chestplate"
    },
    {
      "predicate": {
        "custom_model_data": 8360001
      },
      "model": "manic:item/nethirrum_chestplate"
    }
  ]
}