{
  "parent": "item/handheld",
  "textures": {
    "layer0": "item/netherite_shovel"
  },
  "overrides": [
    {
      "predicate": {
        "custom_model_data": 423000
      },
      "model": "florcraft:item/fortunate_seeker_shovel"
    },
    {
      "predicate": {
        "custom_model_data": 423000
      },
      "model": "florcraft:item/fortunate_seeker_shovel"
    },
    {
      "predicate": {
        "custom_model_data": 8360000
      },
      "model": "manic:item/nethirrum_shovel"
    }
  ]
}