{
  "parent": "item/handheld",
  "textures": {
    "layer0": "item/netherite_pickaxe"
  },
  "overrides": [
    {
      "predicate": {
        "custom_model_data": 423000
      },
      "model": "florcraft:item/raging_river_pickaxe"
    },
    {
      "predicate": {
        "custom_model_data": 423000
      },
      "model": "florcraft:item/raging_river_pickaxe"
    },
    {
      "predicate": {
        "custom_model_data": 8360000
      },
      "model": "manic:item/nethirrum_pickaxe"
    }
  ]
}